fips,county_name,in_stratmap,vintage_yyyymm,feature_count,prop_id_bad_rate,flags,download_url
48001,Anderson,True,202507,43894,0.0,STALE,https://data.geographic.texas.gov/0fa04328-872e-481c-b453-126a74777593/resources/stratmap25-landparcels_48001_lp.zip
48003,Andrews,True,202503,10523,0.0029,STALE,https://data.geographic.texas.gov/0fa04328-872e-481c-b453-126a74777593/resources/stratmap25-landparcels_48003_lp.zip
48005,Angelina,True,202503,60693,0.0125,STALE,https://data.geographic.texas.gov/0fa04328-872e-481c-b453-126a74777593/resources/stratmap25-landparcels_48005_lp.zip
48007,Aransas,True,202503,26690,0.0368,STALE,https://data.geographic.texas.gov/0fa04328-872e-481c-b453-126a74777593/resources/stratmap25-landparcels_48007_lp.zip
48009,Archer,True,202508,9653,0.0431,STALE,https://data.geographic.texas.gov/0fa04328-872e-481c-b453-126a74777593/resources/stratmap25-landparcels_48009_lp.zip
48011,Armstrong,True,202505,4058,0.001,STALE,https://data.geographic.texas.gov/0fa04328-872e-481c-b453-126a74777593/resources/stratmap25-landparcels_48011_lp.zip
48013,Atascosa,True,202503,36796,0.0017,STALE,https://data.geographic.texas.gov/0fa04328-872e-481c-b453-126a74777593/resources/stratmap25-landparcels_48013_lp.zip
48015,Austin,True,202503,22581,0.0085,STALE,https://data.geographic.texas.gov/0fa04328-872e-481c-b453-126a74777593/resources/stratmap25-landparcels_48015_lp.zip
48017,Bailey,True,202503,6044,0.0132,STALE,https://data.geographic.texas.gov/0fa04328-872e-481c-b453-126a74777593/resources/stratmap25-landparcels_48017_lp.zip
48019,Bandera,True,202503,33261,0.0072,STALE,https://data.geographic.texas.gov/0fa04328-872e-481c-b453-126a74777593/resources/stratmap25-landparcels_48019_lp.zip
48021,Bastrop,True,202503,63357,0.0022,STALE,https://data.geographic.texas.gov/0fa04328-872e-481c-b453-126a74777593/resources/stratmap25-landparcels_48021_lp.zip
48023,Baylor,True,202503,6349,0.0824,STALE,https://data.geographic.texas.gov/0fa04328-872e-481c-b453-126a74777593/resources/stratmap25-landparcels_48023_lp.zip
48025,Bee,True,202507,23864,0.034,STALE,https://data.geographic.texas.gov/0fa04328-872e-481c-b453-126a74777593/resources/stratmap25-landparcels_48025_lp.zip
48027,Bell,True,202503,167441,0.0105,STALE,https://data.geographic.texas.gov/0fa04328-872e-481c-b453-126a74777593/resources/stratmap25-landparcels_48027_lp.zip
48029,Bexar,True,202507,709541,0.0001,STALE,https://data.geographic.texas.gov/0fa04328-872e-481c-b453-126a74777593/resources/stratmap25-landparcels_48029_lp.zip
48031,Blanco,True,202503,14269,0.0028,STALE,https://data.geographic.texas.gov/0fa04328-872e-481c-b453-126a74777593/resources/stratmap25-landparcels_48031_lp.zip
48033,Borden,True,202503,3752,0.1994,STALE,https://data.geographic.texas.gov/0fa04328-872e-481c-b453-126a74777593/resources/stratmap25-landparcels_48033_lp.zip
48035,Bosque,True,202503,19975,0.0121,STALE,https://data.geographic.texas.gov/0fa04328-872e-481c-b453-126a74777593/resources/stratmap25-landparcels_48035_lp.zip
48037,Bowie,True,202507,53213,0.0,STALE,https://data.geographic.texas.gov/0fa04328-872e-481c-b453-126a74777593/resources/stratmap25-landparcels_48037_lp.zip
48039,Brazoria,True,202503,275131,0.0881,STALE,https://data.geographic.texas.gov/0fa04328-872e-481c-b453-126a74777593/resources/stratmap25-landparcels_48039_lp.zip
48041,Brazos,True,202503,74666,0.0014,STALE,https://data.geographic.texas.gov/0fa04328-872e-481c-b453-126a74777593/resources/stratmap25-landparcels_48041_lp.zip
48043,Brewster,True,202503,20287,0.1156,STALE,https://data.geographic.texas.gov/0fa04328-872e-481c-b453-126a74777593/resources/stratmap25-landparcels_48043_lp.zip
48045,Briscoe,True,202505,4091,0.1,STALE,https://data.geographic.texas.gov/0fa04328-872e-481c-b453-126a74777593/resources/stratmap25-landparcels_48045_lp.zip
48047,Brooks,True,202503,5739,0.0718,STALE,https://data.geographic.texas.gov/0fa04328-872e-481c-b453-126a74777593/resources/stratmap25-landparcels_48047_lp.zip
48049,Brown,True,202503,31411,0.0008,STALE,https://data.geographic.texas.gov/0fa04328-872e-481c-b453-126a74777593/resources/stratmap25-landparcels_48049_lp.zip
48051,Burleson,True,202503,27350,0.0118,STALE,https://data.geographic.texas.gov/0fa04328-872e-481c-b453-126a74777593/resources/stratmap25-landparcels_48051_lp.zip
48053,Burnet,True,202503,50138,0.0138,STALE,https://data.geographic.texas.gov/0fa04328-872e-481c-b453-126a74777593/resources/stratmap25-landparcels_48053_lp.zip
48055,Caldwell,True,202503,26155,0.0074,STALE,https://data.geographic.texas.gov/0fa04328-872e-481c-b453-126a74777593/resources/stratmap25-landparcels_48055_lp.zip
48057,Calhoun,True,202503,22678,0.0009,STALE,https://data.geographic.texas.gov/0fa04328-872e-481c-b453-126a74777593/resources/stratmap25-landparcels_48057_lp.zip
48059,Callahan,True,202503,12064,0.0792,STALE,https://data.geographic.texas.gov/0fa04328-872e-481c-b453-126a74777593/resources/stratmap25-landparcels_48059_lp.zip
48061,Cameron,True,202507,185069,0.0014,STALE,https://data.geographic.texas.gov/0fa04328-872e-481c-b453-126a74777593/resources/stratmap25-landparcels_48061_lp.zip
48063,Camp,True,202503,11652,0.01,STALE,https://data.geographic.texas.gov/0fa04328-872e-481c-b453-126a74777593/resources/stratmap25-landparcels_48063_lp.zip
48065,Carson,True,202505,6710,0.0006,STALE,https://data.geographic.texas.gov/0fa04328-872e-481c-b453-126a74777593/resources/stratmap25-landparcels_48065_lp.zip
48067,Cass,True,202503,34816,0.0675,STALE,https://data.geographic.texas.gov/0fa04328-872e-481c-b453-126a74777593/resources/stratmap25-landparcels_48067_lp.zip
48069,Castro,True,202503,6466,0.0155,STALE,https://data.geographic.texas.gov/0fa04328-872e-481c-b453-126a74777593/resources/stratmap25-landparcels_48069_lp.zip
48071,Chambers,True,202505,37551,0.0013,STALE,https://data.geographic.texas.gov/0fa04328-872e-481c-b453-126a74777593/resources/stratmap25-landparcels_48071_lp.zip
48073,Cherokee,True,202503,46761,0.0385,STALE,https://data.geographic.texas.gov/0fa04328-872e-481c-b453-126a74777593/resources/stratmap25-landparcels_48073_lp.zip
48075,Childress,True,202505,6030,0.0201,STALE,https://data.geographic.texas.gov/0fa04328-872e-481c-b453-126a74777593/resources/stratmap25-landparcels_48075_lp.zip
48077,Clay,True,202505,13521,0.0129,STALE,https://data.geographic.texas.gov/0fa04328-872e-481c-b453-126a74777593/resources/stratmap25-landparcels_48077_lp.zip
48079,Cochran,True,202503,5735,0.0551,STALE,https://data.geographic.texas.gov/0fa04328-872e-481c-b453-126a74777593/resources/stratmap25-landparcels_48079_lp.zip
48081,Coke,True,202503,8271,0.0904,STALE,https://data.geographic.texas.gov/0fa04328-872e-481c-b453-126a74777593/resources/stratmap25-landparcels_48081_lp.zip
48083,Coleman,True,202503,12839,0.1277,STALE,https://data.geographic.texas.gov/0fa04328-872e-481c-b453-126a74777593/resources/stratmap25-landparcels_48083_lp.zip
48085,Collin,True,202503,387738,0.0009,STALE,https://data.geographic.texas.gov/0fa04328-872e-481c-b453-126a74777593/resources/stratmap25-landparcels_48085_lp.zip
48087,Collingsworth,True,202505,5735,0.1665,STALE,https://data.geographic.texas.gov/0fa04328-872e-481c-b453-126a74777593/resources/stratmap25-landparcels_48087_lp.zip
48089,Colorado,True,202503,22756,0.0631,STALE,https://data.geographic.texas.gov/0fa04328-872e-481c-b453-126a74777593/resources/stratmap25-landparcels_48089_lp.zip
48091,Comal,True,202503,103537,0.0016,STALE,https://data.geographic.texas.gov/0fa04328-872e-481c-b453-126a74777593/resources/stratmap25-landparcels_48091_lp.zip
48093,Comanche,True,202503,17581,0.0133,STALE,https://data.geographic.texas.gov/0fa04328-872e-481c-b453-126a74777593/resources/stratmap25-landparcels_48093_lp.zip
48095,Concho,True,202503,8034,0.0035,STALE,https://data.geographic.texas.gov/0fa04328-872e-481c-b453-126a74777593/resources/stratmap25-landparcels_48095_lp.zip
48097,Cooke,True,202509,33170,0.0,,https://data.geographic.texas.gov/0fa04328-872e-481c-b453-126a74777593/resources/stratmap25-landparcels_48097_lp.zip
48099,Coryell,True,202503,31711,0.0044,STALE,https://data.geographic.texas.gov/0fa04328-872e-481c-b453-126a74777593/resources/stratmap25-landparcels_48099_lp.zip
48101,Cottle,True,202505,4374,0.1255,STALE,https://data.geographic.texas.gov/0fa04328-872e-481c-b453-126a74777593/resources/stratmap25-landparcels_48101_lp.zip
48103,Crane,True,202505,6913,0.0344,STALE,https://data.geographic.texas.gov/0fa04328-872e-481c-b453-126a74777593/resources/stratmap25-landparcels_48103_lp.zip
48105,Crockett,True,202505,9124,0.0044,STALE,https://data.geographic.texas.gov/0fa04328-872e-481c-b453-126a74777593/resources/stratmap25-landparcels_48105_lp.zip
48107,Crosby,True,202505,6670,0.0273,STALE,https://data.geographic.texas.gov/0fa04328-872e-481c-b453-126a74777593/resources/stratmap25-landparcels_48107_lp.zip
48109,Culberson,True,202505,13333,0.0324,STALE,https://data.geographic.texas.gov/0fa04328-872e-481c-b453-126a74777593/resources/stratmap25-landparcels_48109_lp.zip
48111,Dallam,True,202503,6271,0.0354,STALE,https://data.geographic.texas.gov/0fa04328-872e-481c-b453-126a74777593/resources/stratmap25-landparcels_48111_lp.zip
48113,Dallas,True,202508,694160,0.0,STALE,https://data.geographic.texas.gov/0fa04328-872e-481c-b453-126a74777593/resources/stratmap25-landparcels_48113_lp.zip
48115,Dawson,True,202505,9677,0.0505,STALE,https://data.geographic.texas.gov/0fa04328-872e-481c-b453-126a74777593/resources/stratmap25-landparcels_48115_lp.zip
48117,Deaf Smith,True,202503,10901,0.0083,STALE,https://data.geographic.texas.gov/0fa04328-872e-481c-b453-126a74777593/resources/stratmap25-landparcels_48117_lp.zip
48119,Delta,True,202503,6470,0.055,STALE,https://data.geographic.texas.gov/0fa04328-872e-481c-b453-126a74777593/resources/stratmap25-landparcels_48119_lp.zip
48121,Denton,True,202503,353705,0.0016,STALE,https://data.geographic.texas.gov/0fa04328-872e-481c-b453-126a74777593/resources/stratmap25-landparcels_48121_lp.zip
48123,DeWitt,True,202505,20802,0.0,STALE,https://data.geographic.texas.gov/0fa04328-872e-481c-b453-126a74777593/resources/stratmap25-landparcels_48123_lp.zip
48125,Dickens,True,202505,4747,0.0407,STALE,https://data.geographic.texas.gov/0fa04328-872e-481c-b453-126a74777593/resources/stratmap25-landparcels_48125_lp.zip
48127,Dimmit,True,202503,15542,0.3913,STALE|HIGH_PROP_ID_BAD_RATE,https://data.geographic.texas.gov/0fa04328-872e-481c-b453-126a74777593/resources/stratmap25-landparcels_48127_lp.zip
48129,Donley,False,,,,NOT_COVERED,https://data.geographic.texas.gov/0fa04328-872e-481c-b453-126a74777593/resources/stratmap25-landparcels_48129_lp.zip
48131,Duval,True,202503,14772,0.0999,STALE,https://data.geographic.texas.gov/0fa04328-872e-481c-b453-126a74777593/resources/stratmap25-landparcels_48131_lp.zip
48133,Eastland,True,202505,21448,0.024,STALE,https://data.geographic.texas.gov/0fa04328-872e-481c-b453-126a74777593/resources/stratmap25-landparcels_48133_lp.zip
48135,Ector,True,202508,75947,0.0,STALE,https://data.geographic.texas.gov/0fa04328-872e-481c-b453-126a74777593/resources/stratmap25-landparcels_48135_lp.zip
48137,Edwards,True,202503,9948,0.0214,STALE,https://data.geographic.texas.gov/0fa04328-872e-481c-b453-126a74777593/resources/stratmap25-landparcels_48137_lp.zip
48139,Ellis,True,202507,98803,0.0,STALE,https://data.geographic.texas.gov/0fa04328-872e-481c-b453-126a74777593/resources/stratmap25-landparcels_48139_lp.zip
48141,El Paso,True,202503,407130,0.0122,STALE,https://data.geographic.texas.gov/0fa04328-872e-481c-b453-126a74777593/resources/stratmap25-landparcels_48141_lp.zip
48143,Erath,True,202503,24656,0.0249,STALE,https://data.geographic.texas.gov/0fa04328-872e-481c-b453-126a74777593/resources/stratmap25-landparcels_48143_lp.zip
48145,Falls,True,202503,18581,0.0425,STALE,https://data.geographic.texas.gov/0fa04328-872e-481c-b453-126a74777593/resources/stratmap25-landparcels_48145_lp.zip
48147,Fannin,True,202503,29043,0.0315,STALE,https://data.geographic.texas.gov/0fa04328-872e-481c-b453-126a74777593/resources/stratmap25-landparcels_48147_lp.zip
48149,Fayette,True,202503,23884,0.0089,STALE,https://data.geographic.texas.gov/0fa04328-872e-481c-b453-126a74777593/resources/stratmap25-landparcels_48149_lp.zip
48151,Fisher,True,202505,6820,0.0194,STALE,https://data.geographic.texas.gov/0fa04328-872e-481c-b453-126a74777593/resources/stratmap25-landparcels_48151_lp.zip
48153,Floyd,True,202507,13217,0.4559,STALE|HIGH_PROP_ID_BAD_RATE,https://data.geographic.texas.gov/0fa04328-872e-481c-b453-126a74777593/resources/stratmap25-landparcels_48153_lp.zip
48155,Foard,True,202505,5396,0.0321,STALE,https://data.geographic.texas.gov/0fa04328-872e-481c-b453-126a74777593/resources/stratmap25-landparcels_48155_lp.zip
48157,Fort Bend,True,202503,375100,0.0,STALE,https://data.geographic.texas.gov/0fa04328-872e-481c-b453-126a74777593/resources/stratmap25-landparcels_48157_lp.zip
48159,Franklin,True,202503,16544,0.0093,STALE,https://data.geographic.texas.gov/0fa04328-872e-481c-b453-126a74777593/resources/stratmap25-landparcels_48159_lp.zip
48161,Freestone,True,202505,23979,0.0088,STALE,https://data.geographic.texas.gov/0fa04328-872e-481c-b453-126a74777593/resources/stratmap25-landparcels_48161_lp.zip
48163,Frio,True,202505,13214,0.0259,STALE,https://data.geographic.texas.gov/0fa04328-872e-481c-b453-126a74777593/resources/stratmap25-landparcels_48163_lp.zip
48165,Gaines,True,202503,16580,0.0031,STALE,https://data.geographic.texas.gov/0fa04328-872e-481c-b453-126a74777593/resources/stratmap25-landparcels_48165_lp.zip
48167,Galveston,True,202507,188696,0.0,STALE,https://data.geographic.texas.gov/0fa04328-872e-481c-b453-126a74777593/resources/stratmap25-landparcels_48167_lp.zip
48169,Garza,True,202503,6583,0.0829,STALE,https://data.geographic.texas.gov/0fa04328-872e-481c-b453-126a74777593/resources/stratmap25-landparcels_48169_lp.zip
48171,Gillespie,True,202503,32363,0.0094,STALE,https://data.geographic.texas.gov/0fa04328-872e-481c-b453-126a74777593/resources/stratmap25-landparcels_48171_lp.zip
48173,Glasscock,True,202503,2988,0.1295,STALE,https://data.geographic.texas.gov/0fa04328-872e-481c-b453-126a74777593/resources/stratmap25-landparcels_48173_lp.zip
48175,Goliad,True,202503,10314,0.0307,STALE,https://data.geographic.texas.gov/0fa04328-872e-481c-b453-126a74777593/resources/stratmap25-landparcels_48175_lp.zip
48177,Gonzales,True,202505,20420,0.0159,STALE,https://data.geographic.texas.gov/0fa04328-872e-481c-b453-126a74777593/resources/stratmap25-landparcels_48177_lp.zip
48179,Gray,True,202503,16252,0.0602,STALE,https://data.geographic.texas.gov/0fa04328-872e-481c-b453-126a74777593/resources/stratmap25-landparcels_48179_lp.zip
48181,Grayson,True,202507,89350,0.0017,STALE,https://data.geographic.texas.gov/0fa04328-872e-481c-b453-126a74777593/resources/stratmap25-landparcels_48181_lp.zip
48183,Gregg,True,202503,77876,0.0018,STALE,https://data.geographic.texas.gov/0fa04328-872e-481c-b453-126a74777593/resources/stratmap25-landparcels_48183_lp.zip
48185,Grimes,True,202503,27711,0.008,STALE,https://data.geographic.texas.gov/0fa04328-872e-481c-b453-126a74777593/resources/stratmap25-landparcels_48185_lp.zip
48187,Guadalupe,True,202503,95571,0.0042,STALE,https://data.geographic.texas.gov/0fa04328-872e-481c-b453-126a74777593/resources/stratmap25-landparcels_48187_lp.zip
48189,Hale,True,202507,19108,0.0111,STALE,https://data.geographic.texas.gov/0fa04328-872e-481c-b453-126a74777593/resources/stratmap25-landparcels_48189_lp.zip
48191,Hall,True,202505,6353,0.0044,STALE,https://data.geographic.texas.gov/0fa04328-872e-481c-b453-126a74777593/resources/stratmap25-landparcels_48191_lp.zip
48193,Hamilton,True,202503,14253,0.0333,STALE,https://data.geographic.texas.gov/0fa04328-872e-481c-b453-126a74777593/resources/stratmap25-landparcels_48193_lp.zip
48195,Hansford,True,202505,5873,0.0581,STALE,https://data.geographic.texas.gov/0fa04328-872e-481c-b453-126a74777593/resources/stratmap25-landparcels_48195_lp.zip
48197,Hardeman,True,202505,6960,0.0106,STALE,https://data.geographic.texas.gov/0fa04328-872e-481c-b453-126a74777593/resources/stratmap25-landparcels_48197_lp.zip
48199,Hardin,True,202503,41635,0.0607,STALE,https://data.geographic.texas.gov/0fa04328-872e-481c-b453-126a74777593/resources/stratmap25-landparcels_48199_lp.zip
48201,Harris,True,202508,536512,0.0,STALE,https://data.geographic.texas.gov/0fa04328-872e-481c-b453-126a74777593/resources/stratmap25-landparcels_48201_lp.zip
48203,Harrison,True,202503,50997,0.0062,STALE,https://data.geographic.texas.gov/0fa04328-872e-481c-b453-126a74777593/resources/stratmap25-landparcels_48203_lp.zip
48205,Hartley,True,202503,5645,0.0193,STALE,https://data.geographic.texas.gov/0fa04328-872e-481c-b453-126a74777593/resources/stratmap25-landparcels_48205_lp.zip
48207,Haskell,True,202505,9397,0.0432,STALE,https://data.geographic.texas.gov/0fa04328-872e-481c-b453-126a74777593/resources/stratmap25-landparcels_48207_lp.zip
48209,Hays,True,202503,117427,0.0036,STALE,https://data.geographic.texas.gov/0fa04328-872e-481c-b453-126a74777593/resources/stratmap25-landparcels_48209_lp.zip
48211,Hemphill,True,202505,4685,0.0961,STALE,https://data.geographic.texas.gov/0fa04328-872e-481c-b453-126a74777593/resources/stratmap25-landparcels_48211_lp.zip
48213,Henderson,True,202503,108484,0.074,STALE,https://data.geographic.texas.gov/0fa04328-872e-481c-b453-126a74777593/resources/stratmap25-landparcels_48213_lp.zip
48215,Hidalgo,True,202508,328333,0.0033,STALE,https://data.geographic.texas.gov/0fa04328-872e-481c-b453-126a74777593/resources/stratmap25-landparcels_48215_lp.zip
48217,Hill,True,202503,39355,0.0035,STALE,https://data.geographic.texas.gov/0fa04328-872e-481c-b453-126a74777593/resources/stratmap25-landparcels_48217_lp.zip
48219,Hockley,True,202503,17242,0.0278,STALE,https://data.geographic.texas.gov/0fa04328-872e-481c-b453-126a74777593/resources/stratmap25-landparcels_48219_lp.zip
48221,Hood,True,202503,51275,0.0057,STALE,https://data.geographic.texas.gov/0fa04328-872e-481c-b453-126a74777593/resources/stratmap25-landparcels_48221_lp.zip
48223,Hopkins,True,202509,25152,0.0041,,https://data.geographic.texas.gov/0fa04328-872e-481c-b453-126a74777593/resources/stratmap25-landparcels_48223_lp.zip
48225,Houston,True,202505,26611,0.016,STALE,https://data.geographic.texas.gov/0fa04328-872e-481c-b453-126a74777593/resources/stratmap25-landparcels_48225_lp.zip
48227,Howard,True,202503,20654,0.0332,STALE,https://data.geographic.texas.gov/0fa04328-872e-481c-b453-126a74777593/resources/stratmap25-landparcels_48227_lp.zip
48229,Hudspeth,True,202503,23954,0.0799,STALE,https://data.geographic.texas.gov/0fa04328-872e-481c-b453-126a74777593/resources/stratmap25-landparcels_48229_lp.zip
48231,Hunt,True,202503,69737,0.0001,STALE,https://data.geographic.texas.gov/0fa04328-872e-481c-b453-126a74777593/resources/stratmap25-landparcels_48231_lp.zip
48233,Hutchinson,True,202505,18939,0.0629,STALE,https://data.geographic.texas.gov/0fa04328-872e-481c-b453-126a74777593/resources/stratmap25-landparcels_48233_lp.zip
48235,Irion,True,202505,3625,0.1192,STALE,https://data.geographic.texas.gov/0fa04328-872e-481c-b453-126a74777593/resources/stratmap25-landparcels_48235_lp.zip
48237,Jack,True,202505,11870,0.0426,STALE,https://data.geographic.texas.gov/0fa04328-872e-481c-b453-126a74777593/resources/stratmap25-landparcels_48237_lp.zip
48239,Jackson,True,202507,18454,0.0015,STALE,https://data.geographic.texas.gov/0fa04328-872e-481c-b453-126a74777593/resources/stratmap25-landparcels_48239_lp.zip
48241,Jasper,True,202503,37137,0.1456,STALE,https://data.geographic.texas.gov/0fa04328-872e-481c-b453-126a74777593/resources/stratmap25-landparcels_48241_lp.zip
48243,Jeff Davis,True,202505,7176,0.1019,STALE,https://data.geographic.texas.gov/0fa04328-872e-481c-b453-126a74777593/resources/stratmap25-landparcels_48243_lp.zip
48245,Jefferson,True,202507,122202,0.0,STALE,https://data.geographic.texas.gov/0fa04328-872e-481c-b453-126a74777593/resources/stratmap25-landparcels_48245_lp.zip
48247,Jim Hogg,True,202505,4442,0.1569,STALE,https://data.geographic.texas.gov/0fa04328-872e-481c-b453-126a74777593/resources/stratmap25-landparcels_48247_lp.zip
48249,Jim Wells,True,202503,27944,0.0,STALE,https://data.geographic.texas.gov/0fa04328-872e-481c-b453-126a74777593/resources/stratmap25-landparcels_48249_lp.zip
48251,Johnson,True,202508,101852,0.0117,STALE,https://data.geographic.texas.gov/0fa04328-872e-481c-b453-126a74777593/resources/stratmap25-landparcels_48251_lp.zip
48253,Jones,True,202508,27732,0.1175,STALE,https://data.geographic.texas.gov/0fa04328-872e-481c-b453-126a74777593/resources/stratmap25-landparcels_48253_lp.zip
48255,Karnes,True,202505,14453,0.0536,STALE,https://data.geographic.texas.gov/0fa04328-872e-481c-b453-126a74777593/resources/stratmap25-landparcels_48255_lp.zip
48257,Kaufman,True,202503,94680,0.0027,STALE,https://data.geographic.texas.gov/0fa04328-872e-481c-b453-126a74777593/resources/stratmap25-landparcels_48257_lp.zip
48259,Kendall,True,202503,30388,0.0372,STALE,https://data.geographic.texas.gov/0fa04328-872e-481c-b453-126a74777593/resources/stratmap25-landparcels_48259_lp.zip
48261,Kenedy,True,202503,538,0.0019,STALE,https://data.geographic.texas.gov/0fa04328-872e-481c-b453-126a74777593/resources/stratmap25-landparcels_48261_lp.zip
48263,Kent,True,202505,3598,0.0131,STALE,https://data.geographic.texas.gov/0fa04328-872e-481c-b453-126a74777593/resources/stratmap25-landparcels_48263_lp.zip
48265,Kerr,True,202503,36913,0.0094,STALE,https://data.geographic.texas.gov/0fa04328-872e-481c-b453-126a74777593/resources/stratmap25-landparcels_48265_lp.zip
48267,Kimble,True,202503,9556,0.0408,STALE,https://data.geographic.texas.gov/0fa04328-872e-481c-b453-126a74777593/resources/stratmap25-landparcels_48267_lp.zip
48269,King,True,202505,2326,0.0701,STALE,https://data.geographic.texas.gov/0fa04328-872e-481c-b453-126a74777593/resources/stratmap25-landparcels_48269_lp.zip
48271,Kinney,True,202503,11010,0.0277,STALE,https://data.geographic.texas.gov/0fa04328-872e-481c-b453-126a74777593/resources/stratmap25-landparcels_48271_lp.zip
48273,Kleberg,True,202508,14911,0.0025,STALE,https://data.geographic.texas.gov/0fa04328-872e-481c-b453-126a74777593/resources/stratmap25-landparcels_48273_lp.zip
48275,Knox,True,202503,6408,0.1428,STALE,https://data.geographic.texas.gov/0fa04328-872e-481c-b453-126a74777593/resources/stratmap25-landparcels_48275_lp.zip
48277,Lamar,True,202503,36246,0.0094,STALE,https://data.geographic.texas.gov/0fa04328-872e-481c-b453-126a74777593/resources/stratmap25-landparcels_48277_lp.zip
48279,Lamb,True,202503,13871,0.0848,STALE,https://data.geographic.texas.gov/0fa04328-872e-481c-b453-126a74777593/resources/stratmap25-landparcels_48279_lp.zip
48281,Lampasas,True,202503,16541,0.0679,STALE,https://data.geographic.texas.gov/0fa04328-872e-481c-b453-126a74777593/resources/stratmap25-landparcels_48281_lp.zip
48283,La Salle,True,202503,10341,0.1837,STALE,https://data.geographic.texas.gov/0fa04328-872e-481c-b453-126a74777593/resources/stratmap25-landparcels_48283_lp.zip
48285,Lavaca,True,202503,19767,0.0055,STALE,https://data.geographic.texas.gov/0fa04328-872e-481c-b453-126a74777593/resources/stratmap25-landparcels_48285_lp.zip
48287,Lee,True,202503,16091,0.0291,STALE,https://data.geographic.texas.gov/0fa04328-872e-481c-b453-126a74777593/resources/stratmap25-landparcels_48287_lp.zip
48289,Leon,True,202505,27573,0.0549,STALE,https://data.geographic.texas.gov/0fa04328-872e-481c-b453-126a74777593/resources/stratmap25-landparcels_48289_lp.zip
48291,Liberty,True,202503,164178,0.01,STALE,https://data.geographic.texas.gov/0fa04328-872e-481c-b453-126a74777593/resources/stratmap25-landparcels_48291_lp.zip
48293,Limestone,True,202509,21727,0.0,,https://data.geographic.texas.gov/0fa04328-872e-481c-b453-126a74777593/resources/stratmap25-landparcels_48293_lp.zip
48295,Lipscomb,True,202508,11030,0.3765,STALE|HIGH_PROP_ID_BAD_RATE,https://data.geographic.texas.gov/0fa04328-872e-481c-b453-126a74777593/resources/stratmap25-landparcels_48295_lp.zip
48297,Live Oak,True,202503,16840,0.0891,STALE,https://data.geographic.texas.gov/0fa04328-872e-481c-b453-126a74777593/resources/stratmap25-landparcels_48297_lp.zip
48299,Llano,True,202503,38879,0.0055,STALE,https://data.geographic.texas.gov/0fa04328-872e-481c-b453-126a74777593/resources/stratmap25-landparcels_48299_lp.zip
48301,Loving,True,202505,1918,0.0188,STALE,https://data.geographic.texas.gov/0fa04328-872e-481c-b453-126a74777593/resources/stratmap25-landparcels_48301_lp.zip
48303,Lubbock,True,202507,135112,0.0,STALE,https://data.geographic.texas.gov/0fa04328-872e-481c-b453-126a74777593/resources/stratmap25-landparcels_48303_lp.zip
48305,Lynn,True,202505,7334,0.0394,STALE,https://data.geographic.texas.gov/0fa04328-872e-481c-b453-126a74777593/resources/stratmap25-landparcels_48305_lp.zip
48307,McCulloch,True,202505,10782,0.051,STALE,https://data.geographic.texas.gov/0fa04328-872e-481c-b453-126a74777593/resources/stratmap25-landparcels_48307_lp.zip
48309,McLennan,True,202503,115362,0.001,STALE,https://data.geographic.texas.gov/0fa04328-872e-481c-b453-126a74777593/resources/stratmap25-landparcels_48309_lp.zip
48311,McMullen,True,202503,4188,0.0903,STALE,https://data.geographic.texas.gov/0fa04328-872e-481c-b453-126a74777593/resources/stratmap25-landparcels_48311_lp.zip
48313,Madison,True,202503,10308,0.0055,STALE,https://data.geographic.texas.gov/0fa04328-872e-481c-b453-126a74777593/resources/stratmap25-landparcels_48313_lp.zip
48315,Marion,True,202503,19841,0.0751,STALE,https://data.geographic.texas.gov/0fa04328-872e-481c-b453-126a74777593/resources/stratmap25-landparcels_48315_lp.zip
48317,Martin,True,202505,7256,0.0364,STALE,https://data.geographic.texas.gov/0fa04328-872e-481c-b453-126a74777593/resources/stratmap25-landparcels_48317_lp.zip
48319,Mason,True,202503,9096,0.0231,STALE,https://data.geographic.texas.gov/0fa04328-872e-481c-b453-126a74777593/resources/stratmap25-landparcels_48319_lp.zip
48321,Matagorda,True,202507,37215,0.0283,STALE,https://data.geographic.texas.gov/0fa04328-872e-481c-b453-126a74777593/resources/stratmap25-landparcels_48321_lp.zip
48323,Maverick,True,202507,26048,0.0,STALE,https://data.geographic.texas.gov/0fa04328-872e-481c-b453-126a74777593/resources/stratmap25-landparcels_48323_lp.zip
48325,Medina,True,202503,44330,0.0071,STALE,https://data.geographic.texas.gov/0fa04328-872e-481c-b453-126a74777593/resources/stratmap25-landparcels_48325_lp.zip
48327,Menard,True,202505,5708,0.0032,STALE,https://data.geographic.texas.gov/0fa04328-872e-481c-b453-126a74777593/resources/stratmap25-landparcels_48327_lp.zip
48329,Midland,True,202507,75646,0.0356,STALE,https://data.geographic.texas.gov/0fa04328-872e-481c-b453-126a74777593/resources/stratmap25-landparcels_48329_lp.zip
48331,Milam,True,202503,20992,0.0019,STALE,https://data.geographic.texas.gov/0fa04328-872e-481c-b453-126a74777593/resources/stratmap25-landparcels_48331_lp.zip
48333,Mills,True,202503,9026,0.0211,STALE,https://data.geographic.texas.gov/0fa04328-872e-481c-b453-126a74777593/resources/stratmap25-landparcels_48333_lp.zip
48335,Mitchell,True,202503,8743,0.0032,STALE,https://data.geographic.texas.gov/0fa04328-872e-481c-b453-126a74777593/resources/stratmap25-landparcels_48335_lp.zip
48337,Montague,True,202505,24872,0.0628,STALE,https://data.geographic.texas.gov/0fa04328-872e-481c-b453-126a74777593/resources/stratmap25-landparcels_48337_lp.zip
48339,Montgomery,True,202507,320915,0.0,STALE,https://data.geographic.texas.gov/0fa04328-872e-481c-b453-126a74777593/resources/stratmap25-landparcels_48339_lp.zip
48341,Moore,True,202503,12256,0.0301,STALE,https://data.geographic.texas.gov/0fa04328-872e-481c-b453-126a74777593/resources/stratmap25-landparcels_48341_lp.zip
48343,Morris,True,202505,11898,0.0261,STALE,https://data.geographic.texas.gov/0fa04328-872e-481c-b453-126a74777593/resources/stratmap25-landparcels_48343_lp.zip
48345,Motley,True,202508,9374,0.5281,STALE|HIGH_PROP_ID_BAD_RATE,https://data.geographic.texas.gov/0fa04328-872e-481c-b453-126a74777593/resources/stratmap25-landparcels_48345_lp.zip
48347,Nacogdoches,True,202507,48004,0.0371,STALE,https://data.geographic.texas.gov/0fa04328-872e-481c-b453-126a74777593/resources/stratmap25-landparcels_48347_lp.zip
48349,Navarro,True,202503,46167,0.004,STALE,https://data.geographic.texas.gov/0fa04328-872e-481c-b453-126a74777593/resources/stratmap25-landparcels_48349_lp.zip
48351,Newton,True,202503,23278,0.0821,STALE,https://data.geographic.texas.gov/0fa04328-872e-481c-b453-126a74777593/resources/stratmap25-landparcels_48351_lp.zip
48353,Nolan,True,202505,13241,0.0403,STALE,https://data.geographic.texas.gov/0fa04328-872e-481c-b453-126a74777593/resources/stratmap25-landparcels_48353_lp.zip
48355,Nueces,True,202507,157198,0.0053,STALE,https://data.geographic.texas.gov/0fa04328-872e-481c-b453-126a74777593/resources/stratmap25-landparcels_48355_lp.zip
48357,Ochiltree,True,202503,6521,0.0017,STALE,https://data.geographic.texas.gov/0fa04328-872e-481c-b453-126a74777593/resources/stratmap25-landparcels_48357_lp.zip
48359,Oldham,True,202503,4162,0.9995,STALE|HIGH_PROP_ID_BAD_RATE,https://data.geographic.texas.gov/0fa04328-872e-481c-b453-126a74777593/resources/stratmap25-landparcels_48359_lp.zip
48361,Orange,True,202503,50337,0.0053,STALE,https://data.geographic.texas.gov/0fa04328-872e-481c-b453-126a74777593/resources/stratmap25-landparcels_48361_lp.zip
48363,Palo Pinto,True,202509,38704,0.0511,,https://data.geographic.texas.gov/0fa04328-872e-481c-b453-126a74777593/resources/stratmap25-landparcels_48363_lp.zip
48365,Panola,True,202505,18814,0.0789,STALE,https://data.geographic.texas.gov/0fa04328-872e-481c-b453-126a74777593/resources/stratmap25-landparcels_48365_lp.zip
48367,Parker,True,202507,100555,0.0644,STALE,https://data.geographic.texas.gov/0fa04328-872e-481c-b453-126a74777593/resources/stratmap25-landparcels_48367_lp.zip
48369,Parmer,True,202503,6606,0.0465,STALE,https://data.geographic.texas.gov/0fa04328-872e-481c-b453-126a74777593/resources/stratmap25-landparcels_48369_lp.zip
48371,Pecos,True,202508,14720,0.0,STALE,https://data.geographic.texas.gov/0fa04328-872e-481c-b453-126a74777593/resources/stratmap25-landparcels_48371_lp.zip
48373,Polk,True,202503,60178,0.0259,STALE,https://data.geographic.texas.gov/0fa04328-872e-481c-b453-126a74777593/resources/stratmap25-landparcels_48373_lp.zip
48375,Potter,True,202508,53490,0.0,STALE,https://data.geographic.texas.gov/0fa04328-872e-481c-b453-126a74777593/resources/stratmap25-landparcels_48375_lp.zip
48377,Presidio,True,202503,18436,0.0449,STALE,https://data.geographic.texas.gov/0fa04328-872e-481c-b453-126a74777593/resources/stratmap25-landparcels_48377_lp.zip
48379,Rains,True,202503,12312,0.0054,STALE,https://data.geographic.texas.gov/0fa04328-872e-481c-b453-126a74777593/resources/stratmap25-landparcels_48379_lp.zip
48381,Randall,True,202508,64824,0.0,STALE,https://data.geographic.texas.gov/0fa04328-872e-481c-b453-126a74777593/resources/stratmap25-landparcels_48381_lp.zip
48383,Reagan,True,202505,4607,0.0078,STALE,https://data.geographic.texas.gov/0fa04328-872e-481c-b453-126a74777593/resources/stratmap25-landparcels_48383_lp.zip
48385,Real,True,202503,8272,0.0435,STALE,https://data.geographic.texas.gov/0fa04328-872e-481c-b453-126a74777593/resources/stratmap25-landparcels_48385_lp.zip
48387,Red River,True,202503,13730,0.1374,STALE,https://data.geographic.texas.gov/0fa04328-872e-481c-b453-126a74777593/resources/stratmap25-landparcels_48387_lp.zip
48389,Reeves,True,202508,14975,0.0,STALE,https://data.geographic.texas.gov/0fa04328-872e-481c-b453-126a74777593/resources/stratmap25-landparcels_48389_lp.zip
48391,Refugio,True,202505,12483,0.0536,STALE,https://data.geographic.texas.gov/0fa04328-872e-481c-b453-126a74777593/resources/stratmap25-landparcels_48391_lp.zip
48393,Roberts,True,202503,2574,0.9992,STALE|HIGH_PROP_ID_BAD_RATE,https://data.geographic.texas.gov/0fa04328-872e-481c-b453-126a74777593/resources/stratmap25-landparcels_48393_lp.zip
48395,Robertson,True,202503,16935,1.0,STALE|HIGH_PROP_ID_BAD_RATE,https://data.geographic.texas.gov/0fa04328-872e-481c-b453-126a74777593/resources/stratmap25-landparcels_48395_lp.zip
48397,Rockwall,True,202507,52739,0.0,STALE,https://data.geographic.texas.gov/0fa04328-872e-481c-b453-126a74777593/resources/stratmap25-landparcels_48397_lp.zip
48399,Runnels,True,202507,15009,0.0174,STALE,https://data.geographic.texas.gov/0fa04328-872e-481c-b453-126a74777593/resources/stratmap25-landparcels_48399_lp.zip
48401,Rusk,True,202505,38106,0.0519,STALE,https://data.geographic.texas.gov/0fa04328-872e-481c-b453-126a74777593/resources/stratmap25-landparcels_48401_lp.zip
48403,Sabine,True,202507,23377,0.0414,STALE,https://data.geographic.texas.gov/0fa04328-872e-481c-b453-126a74777593/resources/stratmap25-landparcels_48403_lp.zip
48405,San Augustine,True,202505,12724,0.1069,STALE,https://data.geographic.texas.gov/0fa04328-872e-481c-b453-126a74777593/resources/stratmap25-landparcels_48405_lp.zip
48407,San Jacinto,True,202503,36346,0.0202,STALE,https://data.geographic.texas.gov/0fa04328-872e-481c-b453-126a74777593/resources/stratmap25-landparcels_48407_lp.zip
48409,San Patricio,True,202503,51395,0.0163,STALE,https://data.geographic.texas.gov/0fa04328-872e-481c-b453-126a74777593/resources/stratmap25-landparcels_48409_lp.zip
48411,San Saba,True,202505,11596,0.0592,STALE,https://data.geographic.texas.gov/0fa04328-872e-481c-b453-126a74777593/resources/stratmap25-landparcels_48411_lp.zip
48413,Schleicher,True,202503,6559,0.0189,STALE,https://data.geographic.texas.gov/0fa04328-872e-481c-b453-126a74777593/resources/stratmap25-landparcels_48413_lp.zip
48415,Scurry,True,202503,13849,0.0195,STALE,https://data.geographic.texas.gov/0fa04328-872e-481c-b453-126a74777593/resources/stratmap25-landparcels_48415_lp.zip
48417,Shackelford,True,202503,5542,0.0863,STALE,https://data.geographic.texas.gov/0fa04328-872e-481c-b453-126a74777593/resources/stratmap25-landparcels_48417_lp.zip
48419,Shelby,True,202507,21378,0.0013,STALE,https://data.geographic.texas.gov/0fa04328-872e-481c-b453-126a74777593/resources/stratmap25-landparcels_48419_lp.zip
48421,Sherman,True,202505,3531,0.0099,STALE,https://data.geographic.texas.gov/0fa04328-872e-481c-b453-126a74777593/resources/stratmap25-landparcels_48421_lp.zip
48423,Smith,True,202508,140245,0.0,STALE,https://data.geographic.texas.gov/0fa04328-872e-481c-b453-126a74777593/resources/stratmap25-landparcels_48423_lp.zip
48425,Somervell,True,202507,6823,0.0164,STALE,https://data.geographic.texas.gov/0fa04328-872e-481c-b453-126a74777593/resources/stratmap25-landparcels_48425_lp.zip
48427,Starr,True,202503,38571,0.0954,STALE,https://data.geographic.texas.gov/0fa04328-872e-481c-b453-126a74777593/resources/stratmap25-landparcels_48427_lp.zip
48429,Stephens,True,202503,12691,0.1202,STALE,https://data.geographic.texas.gov/0fa04328-872e-481c-b453-126a74777593/resources/stratmap25-landparcels_48429_lp.zip
48431,Sterling,True,202505,2365,0.0017,STALE,https://data.geographic.texas.gov/0fa04328-872e-481c-b453-126a74777593/resources/stratmap25-landparcels_48431_lp.zip
48433,Stonewall,True,202505,5247,0.0478,STALE,https://data.geographic.texas.gov/0fa04328-872e-481c-b453-126a74777593/resources/stratmap25-landparcels_48433_lp.zip
48435,Sutton,True,202503,5905,0.0246,STALE,https://data.geographic.texas.gov/0fa04328-872e-481c-b453-126a74777593/resources/stratmap25-landparcels_48435_lp.zip
48437,Swisher,True,202503,6657,0.0092,STALE,https://data.geographic.texas.gov/0fa04328-872e-481c-b453-126a74777593/resources/stratmap25-landparcels_48437_lp.zip
48439,Tarrant,True,202507,757171,0.0,STALE,https://data.geographic.texas.gov/0fa04328-872e-481c-b453-126a74777593/resources/stratmap25-landparcels_48439_lp.zip
48441,Taylor,True,202503,70602,0.0254,STALE,https://data.geographic.texas.gov/0fa04328-872e-481c-b453-126a74777593/resources/stratmap25-landparcels_48441_lp.zip
48443,Terrell,True,202503,5562,0.0708,STALE,https://data.geographic.texas.gov/0fa04328-872e-481c-b453-126a74777593/resources/stratmap25-landparcels_48443_lp.zip
48445,Terry,True,202507,9113,0.0104,STALE,https://data.geographic.texas.gov/0fa04328-872e-481c-b453-126a74777593/resources/stratmap25-landparcels_48445_lp.zip
48447,Throckmorton,True,202505,4669,0.0268,STALE,https://data.geographic.texas.gov/0fa04328-872e-481c-b453-126a74777593/resources/stratmap25-landparcels_48447_lp.zip
48449,Tom Green,True,202503,20841,0.0088,STALE,https://data.geographic.texas.gov/0fa04328-872e-481c-b453-126a74777593/resources/stratmap25-landparcels_48449_lp.zip
48451,Tom Green,True,202503,58686,0.0022,STALE,https://data.geographic.texas.gov/0fa04328-872e-481c-b453-126a74777593/resources/stratmap25-landparcels_48451_lp.zip
48453,Travis,True,202508,834936,0.5147,STALE|HIGH_PROP_ID_BAD_RATE,https://data.geographic.texas.gov/0fa04328-872e-481c-b453-126a74777593/resources/stratmap25-landparcels_48453_lp.zip
48455,Trinity,True,202503,25952,0.0469,STALE,https://data.geographic.texas.gov/0fa04328-872e-481c-b453-126a74777593/resources/stratmap25-landparcels_48455_lp.zip
48457,Tyler,True,202503,33043,0.0088,STALE,https://data.geographic.texas.gov/0fa04328-872e-481c-b453-126a74777593/resources/stratmap25-landparcels_48457_lp.zip
48459,Upshur,True,202503,30305,0.0059,STALE,https://data.geographic.texas.gov/0fa04328-872e-481c-b453-126a74777593/resources/stratmap25-landparcels_48459_lp.zip
48461,Upton,True,202505,7882,0.0025,STALE,https://data.geographic.texas.gov/0fa04328-872e-481c-b453-126a74777593/resources/stratmap25-landparcels_48461_lp.zip
48463,Uvalde,True,202503,21722,0.0183,STALE,https://data.geographic.texas.gov/0fa04328-872e-481c-b453-126a74777593/resources/stratmap25-landparcels_48463_lp.zip
48465,Val Verde,True,202508,31635,0.0,STALE,https://data.geographic.texas.gov/0fa04328-872e-481c-b453-126a74777593/resources/stratmap25-landparcels_48465_lp.zip
48467,Van Zandt,True,202503,43964,0.0252,STALE,https://data.geographic.texas.gov/0fa04328-872e-481c-b453-126a74777593/resources/stratmap25-landparcels_48467_lp.zip
48469,Victoria,True,202503,45104,0.0,STALE,https://data.geographic.texas.gov/0fa04328-872e-481c-b453-126a74777593/resources/stratmap25-landparcels_48469_lp.zip
48471,Walker,True,202503,35584,0.0306,STALE,https://data.geographic.texas.gov/0fa04328-872e-481c-b453-126a74777593/resources/stratmap25-landparcels_48471_lp.zip
48473,Waller,True,202503,48136,0.0004,STALE,https://data.geographic.texas.gov/0fa04328-872e-481c-b453-126a74777593/resources/stratmap25-landparcels_48473_lp.zip
48475,Ward,True,202505,15181,0.0081,STALE,https://data.geographic.texas.gov/0fa04328-872e-481c-b453-126a74777593/resources/stratmap25-landparcels_48475_lp.zip
48477,Washington,True,202503,23475,0.0074,STALE,https://data.geographic.texas.gov/0fa04328-872e-481c-b453-126a74777593/resources/stratmap25-landparcels_48477_lp.zip
48479,Webb,True,202507,98291,0.0025,STALE,https://data.geographic.texas.gov/0fa04328-872e-481c-b453-126a74777593/resources/stratmap25-landparcels_48479_lp.zip
48481,Wharton,True,202503,31888,0.0172,STALE,https://data.geographic.texas.gov/0fa04328-872e-481c-b453-126a74777593/resources/stratmap25-landparcels_48481_lp.zip
48483,Wheeler,True,202505,7692,0.0673,STALE,https://data.geographic.texas.gov/0fa04328-872e-481c-b453-126a74777593/resources/stratmap25-landparcels_48483_lp.zip
48485,Wichita,True,202503,58742,0.0025,STALE,https://data.geographic.texas.gov/0fa04328-872e-481c-b453-126a74777593/resources/stratmap25-landparcels_48485_lp.zip
48487,Wilbarger,True,202503,11895,0.0792,STALE,https://data.geographic.texas.gov/0fa04328-872e-481c-b453-126a74777593/resources/stratmap25-landparcels_48487_lp.zip
48489,Willacy,True,202503,13989,0.1271,STALE,https://data.geographic.texas.gov/0fa04328-872e-481c-b453-126a74777593/resources/stratmap25-landparcels_48489_lp.zip
48491,Williamson,True,202507,282983,0.0004,STALE,https://data.geographic.texas.gov/0fa04328-872e-481c-b453-126a74777593/resources/stratmap25-landparcels_48491_lp.zip
48493,Wilson,True,202503,28827,0.0196,STALE,https://data.geographic.texas.gov/0fa04328-872e-481c-b453-126a74777593/resources/stratmap25-landparcels_48493_lp.zip
48495,Winkler,True,202503,7234,0.0442,STALE,https://data.geographic.texas.gov/0fa04328-872e-481c-b453-126a74777593/resources/stratmap25-landparcels_48495_lp.zip
48497,Wise,True,202503,48705,0.0,STALE,https://data.geographic.texas.gov/0fa04328-872e-481c-b453-126a74777593/resources/stratmap25-landparcels_48497_lp.zip
48499,Wood,True,202503,44576,0.0262,STALE,https://data.geographic.texas.gov/0fa04328-872e-481c-b453-126a74777593/resources/stratmap25-landparcels_48499_lp.zip
48501,Yoakum,True,202503,7291,0.0357,STALE,https://data.geographic.texas.gov/0fa04328-872e-481c-b453-126a74777593/resources/stratmap25-landparcels_48501_lp.zip
48503,Young,True,202503,16353,0.0184,STALE,https://data.geographic.texas.gov/0fa04328-872e-481c-b453-126a74777593/resources/stratmap25-landparcels_48503_lp.zip
48505,Zapata,True,202503,12623,0.1031,STALE,https://data.geographic.texas.gov/0fa04328-872e-481c-b453-126a74777593/resources/stratmap25-landparcels_48505_lp.zip
48507,Zavala,True,202503,9744,0.0564,STALE,https://data.geographic.texas.gov/0fa04328-872e-481c-b453-126a74777593/resources/stratmap25-landparcels_48507_lp.zip
