record_type,fips,name,parcel_count,stratmap_vintage,prop_id_bad_rate,join_key,cad_url,cad_verification,vendor,adversarial,risk_classes,cost_est_usd
county,48001,Anderson,43894,202507,0.0,prop_id,,unverified,,,,0.75
county,48003,Andrews,10523,202503,0.0029,prop_id,,unverified,,,,0.18
county,48005,Angelina,60693,202503,0.0125,prop_id,,unverified,,,,1.04
county,48007,Aransas,26690,202503,0.0368,prop_id,,unverified,,,,0.46
county,48009,Archer,9653,202508,0.0431,prop_id,,unverified,,,,0.17
county,48011,Armstrong,4058,202505,0.001,prop_id,,unverified,,,,0.07
county,48013,Atascosa,36796,202503,0.0017,prop_id,,unverified,,,,0.63
county,48015,Austin,22581,202503,0.0085,prop_id,,unverified,,,,0.39
county,48017,Bailey,6044,202503,0.0132,prop_id,,unverified,,,,0.1
county,48019,Bandera,33261,202503,0.0072,prop_id,,unverified,,,,0.57
county,48021,Bastrop,63357,202503,0.0022,prop_id,https://services.arcgis.com/aS4XD9PgZha28y8P/arcgis/rest/services/BastropCADWebService/FeatureServer,verified,bis-consultants,REPRODUCED,bis-field-template,1.08
county,48023,Baylor,6349,202503,0.0824,prop_id,,unverified,,,,0.11
county,48025,Bee,23864,202507,0.034,prop_id,,unverified,,,,0.41
county,48027,Bell,167441,202503,0.0105,prop_id,https://services7.arcgis.com/EHW2HuuyZNO7DZct/arcgis/rest/services/BellCADWebService/FeatureServer,verified,bis-consultants,,bis-field-template,2.87
county,48029,Bexar,709541,202507,0.0001,prop_id,https://maps.bexar.org/arcgis/rest/services/Parcels/MapServer,verified,unknown,,,12.14
county,48031,Blanco,14269,202503,0.0028,prop_id,,unverified,,,,0.24
county,48033,Borden,3752,202503,0.1994,prop_id,,unverified,,,,0.06
county,48035,Bosque,19975,202503,0.0121,prop_id,,unverified,,,,0.34
county,48037,Bowie,53213,202507,0.0,prop_id,,unverified,,,,0.91
county,48039,Brazoria,275131,202503,0.0881,prop_id,,unverified,,,,4.71
county,48041,Brazos,74666,202503,0.0014,prop_id,,unverified,,,,1.28
county,48043,Brewster,20287,202503,0.1156,prop_id,,unverified,,,,0.35
county,48045,Briscoe,4091,202505,0.1,prop_id,,unverified,,,,0.07
county,48047,Brooks,5739,202503,0.0718,prop_id,,unverified,,,,0.1
county,48049,Brown,31411,202503,0.0008,prop_id,,unverified,,,,0.54
county,48051,Burleson,27350,202503,0.0118,prop_id,,unverified,,,,0.47
county,48053,Burnet,50138,202503,0.0138,prop_id,,unverified,,,,0.86
county,48055,Caldwell,26155,202503,0.0074,prop_id,https://services.arcgis.com/rVxY74DxxIDrDbc0/arcgis/rest/services/Caldwell_County_Parcel_Map/FeatureServer,verified,unknown,REPRODUCED,,0.45
county,48057,Calhoun,22678,202503,0.0009,prop_id,https://services6.arcgis.com/nEraHEKblzwMBYQ3/arcgis/rest/services/CalhounCADWebService/FeatureServer,verified,bis-consultants,,bis-field-template,0.39
county,48059,Callahan,12064,202503,0.0792,prop_id,,unverified,,,,0.21
county,48061,Cameron,185069,202507,0.0014,prop_id,,unverified,,,,3.17
county,48063,Camp,11652,202503,0.01,prop_id,https://services8.arcgis.com/3ERd7aqQXEjL9i0y/arcgis/rest/services/CampCADWebService/FeatureServer,verified,bis-consultants,,bis-field-template,0.2
county,48065,Carson,6710,202505,0.0006,prop_id,https://services8.arcgis.com/Nj4FmPqF8WshvjrP/arcgis/rest/services/CarsonCADWebService/FeatureServer,partial,bis-consultants,,bis-field-template,0.11
county,48067,Cass,34816,202503,0.0675,prop_id,,unverified,,,,0.6
county,48069,Castro,6466,202503,0.0155,prop_id,,unverified,,,,0.11
county,48071,Chambers,37551,202505,0.0013,prop_id,https://services2.arcgis.com/qzGaVFGfQxn25AYB/arcgis/rest/services/TransitOrientedCommunities_WFL1/FeatureServer,verified,discovered-arcgis,,,0.64
county,48073,Cherokee,46761,202503,0.0385,prop_id,,unverified,,,,0.8
county,48075,Childress,6030,202505,0.0201,prop_id,,unverified,,,,0.1
county,48077,Clay,13521,202505,0.0129,prop_id,,unverified,,,,0.23
county,48079,Cochran,5735,202503,0.0551,prop_id,,unverified,,,,0.1
county,48081,Coke,8271,202503,0.0904,prop_id,,unverified,,,,0.14
county,48083,Coleman,12839,202503,0.1277,prop_id,,unverified,,,,0.22
county,48085,Collin,387738,202503,0.0009,prop_id,,unverified,,,,6.63
county,48087,Collingsworth,5735,202505,0.1665,prop_id,,unverified,,,,0.1
county,48089,Colorado,22756,202503,0.0631,prop_id,https://services8.arcgis.com/kLPk1FdZyvjjB3o2/arcgis/rest/services/ColoradoCADWebService/FeatureServer,verified,bis-consultants,,bis-field-template,0.39
county,48091,Comal,103537,202503,0.0016,prop_id,https://services6.arcgis.com/eNPJk90aMrXNOKF8/arcgis/rest/services/Comal_County_Parcels/FeatureServer,verified,unknown,,,1.77
county,48093,Comanche,17581,202503,0.0133,prop_id,https://services6.arcgis.com/gshWNaFhUNegaQZA/arcgis/rest/services/ComancheCADWebService/FeatureServer,verified,bis-consultants,,bis-field-template,0.3
county,48095,Concho,8034,202503,0.0035,prop_id,,unverified,,,,0.14
county,48097,Cooke,33170,202509,0.0,prop_id,,unverified,,,,0.57
county,48099,Coryell,31711,202503,0.0044,prop_id,https://services3.arcgis.com/qmqVEYNCt8dhXqHl/arcgis/rest/services/CoryellCADWebService/FeatureServer,verified,bis-consultants,,bis-field-template,0.54
county,48101,Cottle,4374,202505,0.1255,prop_id,,unverified,,,,0.07
county,48103,Crane,6913,202505,0.0344,prop_id,https://services.arcgis.com/jDGuO8tYggdCCnUJ/arcgis/rest/services/W2W_jupiter_parcels_1mi/FeatureServer,verified,discovered-arcgis,,stratmap-vintage-drift,0.12
county,48105,Crockett,9124,202505,0.0044,prop_id,https://feature.tnris.org/arcgis/rest/services/Parcels/stratmap19_land_parcels_48/MapServer,unverified,discovered-arcgis,,,0.16
county,48107,Crosby,6670,202505,0.0273,prop_id,https://feature.tnris.org/arcgis/rest/services/Parcels/stratmap19_land_parcels_48/MapServer,unverified,discovered-arcgis,,,0.11
county,48109,Culberson,13333,202505,0.0324,prop_id,https://services6.arcgis.com/4f2UUFctdk51h0tb/arcgis/rest/services/Parcels_CulbersonCounty/FeatureServer,verified,discovered-arcgis,,stratmap-vintage-drift,0.23
county,48111,Dallam,6271,202503,0.0354,prop_id,https://services6.arcgis.com/jwCCs5I7EWDwKVZK/arcgis/rest/services/DallamCADWebService/FeatureServer,verified,bis-consultants,,bis-field-template,0.11
county,48113,Dallas,694160,202508,0.0,prop_id,,honestly_absent,dcad-bulk-only,,no-rest,11.88
county,48115,Dawson,9677,202505,0.0505,prop_id,,unverified,,,,0.17
county,48117,Deaf Smith,10901,202503,0.0083,prop_id,https://services8.arcgis.com/PggHKOKuiChUpH94/arcgis/rest/services/DeafSmithCADWebService/FeatureServer,verified,bis-consultants,,bis-field-template,0.19
county,48119,Delta,6470,202503,0.055,prop_id,https://services8.arcgis.com/CPh8611N01zfPAqb/arcgis/rest/services/DeltaCADWebService/FeatureServer,verified,bis-consultants,,bis-field-template,0.11
county,48121,Denton,353705,202503,0.0016,prop_id,,unverified,,,,6.05
county,48123,DeWitt,20802,202505,0.0,prop_id,https://services6.arcgis.com/bdPqSfflsdgFRVVM/arcgis/rest/services/Rezone_Syracuse_Parcels2024_2024_12_17_Public/FeatureServer,verified,discovered-arcgis,,stratmap-vintage-drift,0.36
county,48125,Dickens,4747,202505,0.0407,prop_id,https://services6.arcgis.com/drkDXByy6E3bYW3a/arcgis/rest/services/dickenson_county_va_parcels/FeatureServer,partial,discovered-arcgis,,,0.08
county,48127,Dimmit,15542,202503,0.3913,geo_id_or_address_crosswalk,https://services8.arcgis.com/LnmYQjpj3hrjkj1L/arcgis/rest/services/DimmitCADWebService/FeatureServer,verified,bis-consultants,,crosswalk-required;bis-field-template,0.27
county,48129,Donley,,,,prop_id,,unverified,,,no-stratmap,0.0
county,48131,Duval,14772,202503,0.0999,prop_id,https://services8.arcgis.com/RAxb9SOLfINbVMkC/arcgis/rest/services/DuvalCADWebService/FeatureServer,verified,bis-consultants,,bis-field-template,0.25
county,48133,Eastland,21448,202505,0.024,prop_id,https://gisdata.pandai.com/pamaps02/rest/services/Eastland/EastlandCADPublic/MapServer,partial,discovered-arcgis,,,0.37
county,48135,Ector,75947,202508,0.0,prop_id,https://services.arcgis.com/jDGuO8tYggdCCnUJ/arcgis/rest/services/W2W_jupiter_parcels_1mi/FeatureServer,verified,discovered-arcgis,,stratmap-vintage-drift,1.3
county,48137,Edwards,9948,202503,0.0214,prop_id,https://services6.arcgis.com/VtGdG6zirc9oUs4j/arcgis/rest/services/EdwardsCADWebService/FeatureServer,verified,bis-consultants,,bis-field-template,0.17
county,48139,Ellis,98803,202507,0.0,prop_id,,unverified,,,,1.69
county,48141,El Paso,407130,202503,0.0122,prop_id,https://services2.arcgis.com/fKvlzLJczghwPYHS/arcgis/rest/services/ElPasoCADWebService/FeatureServer,verified,bis-consultants,,bis-field-template,6.97
county,48143,Erath,24656,202503,0.0249,prop_id,https://gis.ecgis.co.ellis.tx.us/arcgis/rest/services/Hosted/Prairielands_Parcels/FeatureServer,unverified,county-run-halff,,,0.42
county,48145,Falls,18581,202503,0.0425,prop_id,https://services7.arcgis.com/imOmRN2vd4Vxuep1/arcgis/rest/services/FallsCADWebService/FeatureServer,verified,bis-consultants,,bis-field-template,0.32
county,48147,Fannin,29043,202503,0.0315,prop_id,https://services7.arcgis.com/Ju7oGiDpMOkcpqOt/arcgis/rest/services/FanninCADWebService1/FeatureServer,verified,bis-consultants,,bis-field-template,0.5
county,48149,Fayette,23884,202503,0.0089,prop_id,,unverified,,,,0.41
county,48151,Fisher,6820,202505,0.0194,prop_id,,unverified,,,,0.12
county,48153,Floyd,13217,202507,0.4559,geo_id_or_address_crosswalk,,unverified,,,crosswalk-required,0.23
county,48155,Foard,5396,202505,0.0321,prop_id,,unverified,,,,0.09
county,48157,Fort Bend,375100,202503,0.0,prop_id,,unverified,,,,6.42
county,48159,Franklin,16544,202503,0.0093,prop_id,,unverified,,,,0.28
county,48161,Freestone,23979,202505,0.0088,prop_id,,unverified,,,,0.41
county,48163,Frio,13214,202505,0.0259,prop_id,,unverified,,,,0.23
county,48165,Gaines,16580,202503,0.0031,prop_id,,unverified,,,,0.28
county,48167,Galveston,188696,202507,0.0,prop_id,,unverified,,,,3.23
county,48169,Garza,6583,202503,0.0829,prop_id,,unverified,,,,0.11
county,48171,Gillespie,32363,202503,0.0094,prop_id,,unverified,,,,0.55
county,48173,Glasscock,2988,202503,0.1295,prop_id,,unverified,,,,0.05
county,48175,Goliad,10314,202503,0.0307,prop_id,,unverified,,,,0.18
county,48177,Gonzales,20420,202505,0.0159,prop_id,,unverified,,,,0.35
county,48179,Gray,16252,202503,0.0602,prop_id,,unverified,,,,0.28
county,48181,Grayson,89350,202507,0.0017,prop_id,,unverified,,,,1.53
county,48183,Gregg,77876,202503,0.0018,prop_id,,unverified,,,,1.33
county,48185,Grimes,27711,202503,0.008,prop_id,,unverified,,,,0.47
county,48187,Guadalupe,95571,202503,0.0042,prop_id,https://services9.arcgis.com/1l4hbpt78hjlsIcl/arcgis/rest/services/GuadalupeCADWebService/FeatureServer,verified,bis-consultants,,bis-field-template,1.64
county,48189,Hale,19108,202507,0.0111,prop_id,,unverified,,,,0.33
county,48191,Hall,6353,202505,0.0044,prop_id,,unverified,,,,0.11
county,48193,Hamilton,14253,202503,0.0333,prop_id,,unverified,,,,0.24
county,48195,Hansford,5873,202505,0.0581,prop_id,,unverified,,,,0.1
county,48197,Hardeman,6960,202505,0.0106,prop_id,,unverified,,,,0.12
county,48199,Hardin,41635,202503,0.0607,prop_id,,unverified,,,,0.71
county,48201,Harris,536512,202508,0.0,prop_id,,unverified,,,harris-sharding-required,9.18
county,48203,Harrison,50997,202503,0.0062,prop_id,,unverified,,,,0.87
county,48205,Hartley,5645,202503,0.0193,prop_id,,unverified,,,,0.1
county,48207,Haskell,9397,202505,0.0432,prop_id,,unverified,,,,0.16
county,48209,Hays,117427,202503,0.0036,prop_id,,honestly_absent,not-found,REPRODUCED,no-rest,2.01
county,48211,Hemphill,4685,202505,0.0961,prop_id,,unverified,,,,0.08
county,48213,Henderson,108484,202503,0.074,prop_id,,unverified,,,,1.86
county,48215,Hidalgo,328333,202508,0.0033,prop_id,,unverified,,,,5.62
county,48217,Hill,39355,202503,0.0035,prop_id,,unverified,,,,0.67
county,48219,Hockley,17242,202503,0.0278,prop_id,,unverified,,,,0.3
county,48221,Hood,51275,202503,0.0057,prop_id,,unverified,,,,0.88
county,48223,Hopkins,25152,202509,0.0041,prop_id,,unverified,,,,0.43
county,48225,Houston,26611,202505,0.016,prop_id,,unverified,,,,0.46
county,48227,Howard,20654,202503,0.0332,prop_id,,unverified,,,,0.35
county,48229,Hudspeth,23954,202503,0.0799,prop_id,,unverified,,,,0.41
county,48231,Hunt,69737,202503,0.0001,prop_id,,unverified,,,,1.19
county,48233,Hutchinson,18939,202505,0.0629,prop_id,,unverified,,,,0.32
county,48235,Irion,3625,202505,0.1192,prop_id,,unverified,,,,0.06
county,48237,Jack,11870,202505,0.0426,prop_id,,unverified,,,,0.2
county,48239,Jackson,18454,202507,0.0015,prop_id,,unverified,,,,0.32
county,48241,Jasper,37137,202503,0.1456,prop_id,,unverified,,,,0.64
county,48243,Jeff Davis,7176,202505,0.1019,prop_id,,unverified,,,,0.12
county,48245,Jefferson,122202,202507,0.0,prop_id,,unverified,,,,2.09
county,48247,Jim Hogg,4442,202505,0.1569,prop_id,,unverified,,,,0.08
county,48249,Jim Wells,27944,202503,0.0,prop_id,,unverified,,,,0.48
county,48251,Johnson,101852,202508,0.0117,prop_id,,unverified,,,,1.74
county,48253,Jones,27732,202508,0.1175,prop_id,,unverified,,,,0.47
county,48255,Karnes,14453,202505,0.0536,prop_id,,unverified,,,,0.25
county,48257,Kaufman,94680,202503,0.0027,prop_id,,unverified,,,,1.62
county,48259,Kendall,30388,202503,0.0372,prop_id,,unverified,,,,0.52
county,48261,Kenedy,538,202503,0.0019,prop_id,,unverified,,,,0.01
county,48263,Kent,3598,202505,0.0131,prop_id,,unverified,,,,0.06
county,48265,Kerr,36913,202503,0.0094,prop_id,,unverified,,,,0.63
county,48267,Kimble,9556,202503,0.0408,prop_id,,unverified,,,,0.16
county,48269,King,2326,202505,0.0701,prop_id,,unverified,,,,0.04
county,48271,Kinney,11010,202503,0.0277,prop_id,,unverified,,,,0.19
county,48273,Kleberg,14911,202508,0.0025,prop_id,,unverified,,,,0.26
county,48275,Knox,6408,202503,0.1428,prop_id,,unverified,,,,0.11
county,48277,Lamar,36246,202503,0.0094,prop_id,,unverified,,,,0.62
county,48279,Lamb,13871,202503,0.0848,prop_id,,unverified,,,,0.24
county,48281,Lampasas,16541,202503,0.0679,prop_id,,unverified,,,,0.28
county,48283,La Salle,10341,202503,0.1837,prop_id,,unverified,,,,0.18
county,48285,Lavaca,19767,202503,0.0055,prop_id,,unverified,,,,0.34
county,48287,Lee,16091,202503,0.0291,prop_id,,unverified,,,,0.28
county,48289,Leon,27573,202505,0.0549,prop_id,,unverified,,,,0.47
county,48291,Liberty,164178,202503,0.01,prop_id,,unverified,,,,2.81
county,48293,Limestone,21727,202509,0.0,prop_id,,unverified,,,,0.37
county,48295,Lipscomb,11030,202508,0.3765,geo_id_or_address_crosswalk,,unverified,,,crosswalk-required,0.19
county,48297,Live Oak,16840,202503,0.0891,prop_id,,unverified,,,,0.29
county,48299,Llano,38879,202503,0.0055,prop_id,,unverified,,,,0.67
county,48301,Loving,1918,202505,0.0188,prop_id,,unverified,,,,0.03
county,48303,Lubbock,135112,202507,0.0,prop_id,,unverified,,,,2.31
county,48305,Lynn,7334,202505,0.0394,prop_id,,unverified,,,,0.13
county,48307,McCulloch,10782,202505,0.051,prop_id,,unverified,,,,0.18
county,48309,McLennan,115362,202503,0.001,prop_id,https://services8.arcgis.com/5e4b1SY8bogTc3pH/arcgis/rest/services/McLennanCADWebService/FeatureServer,verified,bis-consultants,,bis-field-template,1.97
county,48311,McMullen,4188,202503,0.0903,prop_id,,unverified,,,,0.07
county,48313,Madison,10308,202503,0.0055,prop_id,,unverified,,,,0.18
county,48315,Marion,19841,202503,0.0751,prop_id,,unverified,,,,0.34
county,48317,Martin,7256,202505,0.0364,prop_id,,unverified,,,,0.12
county,48319,Mason,9096,202503,0.0231,prop_id,,unverified,,,,0.16
county,48321,Matagorda,37215,202507,0.0283,prop_id,,unverified,,,,0.64
county,48323,Maverick,26048,202507,0.0,prop_id,,unverified,,,,0.45
county,48325,Medina,44330,202503,0.0071,prop_id,,unverified,,,,0.76
county,48327,Menard,5708,202505,0.0032,prop_id,,unverified,,,,0.1
county,48329,Midland,75646,202507,0.0356,prop_id,,unverified,,,,1.29
county,48331,Milam,20992,202503,0.0019,prop_id,,unverified,,,,0.36
county,48333,Mills,9026,202503,0.0211,prop_id,,unverified,,,,0.15
county,48335,Mitchell,8743,202503,0.0032,prop_id,,unverified,,,,0.15
county,48337,Montague,24872,202505,0.0628,prop_id,,unverified,,,,0.43
county,48339,Montgomery,320915,202507,0.0,prop_id,,unverified,,,,5.49
county,48341,Moore,12256,202503,0.0301,prop_id,,unverified,,,,0.21
county,48343,Morris,11898,202505,0.0261,prop_id,,unverified,,,,0.2
county,48345,Motley,9374,202508,0.5281,geo_id_or_address_crosswalk,,unverified,,,crosswalk-required,0.16
county,48347,Nacogdoches,48004,202507,0.0371,prop_id,,unverified,,,,0.82
county,48349,Navarro,46167,202503,0.004,prop_id,,unverified,,,,0.79
county,48351,Newton,23278,202503,0.0821,prop_id,,unverified,,,,0.4
county,48353,Nolan,13241,202505,0.0403,prop_id,,unverified,,,,0.23
county,48355,Nueces,157198,202507,0.0053,prop_id,,unverified,,,,2.69
county,48357,Ochiltree,6521,202503,0.0017,prop_id,,unverified,,,,0.11
county,48359,Oldham,4162,202503,0.9995,geo_id_or_address_crosswalk,,unverified,,,crosswalk-required,0.07
county,48361,Orange,50337,202503,0.0053,prop_id,,unverified,,,,0.86
county,48363,Palo Pinto,38704,202509,0.0511,prop_id,,unverified,,,,0.66
county,48365,Panola,18814,202505,0.0789,prop_id,,unverified,,,,0.32
county,48367,Parker,100555,202507,0.0644,prop_id,,unverified,,,,1.72
county,48369,Parmer,6606,202503,0.0465,prop_id,,unverified,,,,0.11
county,48371,Pecos,14720,202508,0.0,prop_id,,unverified,,,,0.25
county,48373,Polk,60178,202503,0.0259,prop_id,,unverified,,,,1.03
county,48375,Potter,53490,202508,0.0,prop_id,,unverified,,,,0.92
county,48377,Presidio,18436,202503,0.0449,prop_id,,unverified,,,,0.32
county,48379,Rains,12312,202503,0.0054,prop_id,,unverified,,,,0.21
county,48381,Randall,64824,202508,0.0,prop_id,,unverified,,,,1.11
county,48383,Reagan,4607,202505,0.0078,prop_id,,unverified,,,,0.08
county,48385,Real,8272,202503,0.0435,prop_id,,unverified,,,,0.14
county,48387,Red River,13730,202503,0.1374,prop_id,,unverified,,,,0.23
county,48389,Reeves,14975,202508,0.0,prop_id,,unverified,,,,0.26
county,48391,Refugio,12483,202505,0.0536,prop_id,,unverified,,,,0.21
county,48393,Roberts,2574,202503,0.9992,geo_id_or_address_crosswalk,,unverified,,,crosswalk-required,0.04
county,48395,Robertson,16935,202503,1.0,geo_id_or_address_crosswalk,,unverified,,,crosswalk-required,0.29
county,48397,Rockwall,52739,202507,0.0,prop_id,,honestly_absent,rockwall-no-rest,REPRODUCED,no-rest,0.9
county,48399,Runnels,15009,202507,0.0174,prop_id,,unverified,,,,0.26
county,48401,Rusk,38106,202505,0.0519,prop_id,,unverified,,,,0.65
county,48403,Sabine,23377,202507,0.0414,prop_id,,unverified,,,,0.4
county,48405,San Augustine,12724,202505,0.1069,prop_id,,unverified,,,,0.22
county,48407,San Jacinto,36346,202503,0.0202,prop_id,,unverified,,,,0.62
county,48409,San Patricio,51395,202503,0.0163,prop_id,,unverified,,,,0.88
county,48411,San Saba,11596,202505,0.0592,prop_id,,unverified,,,,0.2
county,48413,Schleicher,6559,202503,0.0189,prop_id,,unverified,,,,0.11
county,48415,Scurry,13849,202503,0.0195,prop_id,,unverified,,,,0.24
county,48417,Shackelford,5542,202503,0.0863,prop_id,,unverified,,,,0.09
county,48419,Shelby,21378,202507,0.0013,prop_id,,unverified,,,,0.37
county,48421,Sherman,3531,202505,0.0099,prop_id,,unverified,,,,0.06
county,48423,Smith,140245,202508,0.0,prop_id,,unverified,,,,2.4
county,48425,Somervell,6823,202507,0.0164,prop_id,,unverified,,,,0.12
county,48427,Starr,38571,202503,0.0954,prop_id,,unverified,,,,0.66
county,48429,Stephens,12691,202503,0.1202,prop_id,,unverified,,,,0.22
county,48431,Sterling,2365,202505,0.0017,prop_id,,unverified,,,,0.04
county,48433,Stonewall,5247,202505,0.0478,prop_id,,unverified,,,,0.09
county,48435,Sutton,5905,202503,0.0246,prop_id,,unverified,,,,0.1
county,48437,Swisher,6657,202503,0.0092,prop_id,,unverified,,,,0.11
county,48439,Tarrant,757171,202507,0.0,prop_id,https://mapit.tarrantcounty.com/arcgis/rest/services/TADParcels/FeatureServer,partial,unknown,,,12.96
county,48441,Taylor,70602,202503,0.0254,prop_id,,unverified,,,,1.21
county,48443,Terrell,5562,202503,0.0708,prop_id,,unverified,,,,0.1
county,48445,Terry,9113,202507,0.0104,prop_id,,unverified,,,,0.16
county,48447,Throckmorton,4669,202505,0.0268,prop_id,,unverified,,,,0.08
county,48449,Tom Green,20841,202503,0.0088,prop_id,,unverified,,,,0.36
county,48451,Tom Green,58686,202503,0.0022,prop_id,,unverified,,,,1.0
county,48453,Travis,834936,202508,0.5147,geo_id_or_address_crosswalk,https://gis.traviscountytx.gov/server1/rest/services/Boundaries_and_Jurisdictions/TCAD/MapServer,verified,unknown,REPRODUCED,crosswalk-required,14.29
county,48455,Trinity,25952,202503,0.0469,prop_id,,unverified,,,,0.44
county,48457,Tyler,33043,202503,0.0088,prop_id,,unverified,,,,0.57
county,48459,Upshur,30305,202503,0.0059,prop_id,,unverified,,,,0.52
county,48461,Upton,7882,202505,0.0025,prop_id,,unverified,,,,0.13
county,48463,Uvalde,21722,202503,0.0183,prop_id,,unverified,,,,0.37
county,48465,Val Verde,31635,202508,0.0,prop_id,,unverified,,,,0.54
county,48467,Van Zandt,43964,202503,0.0252,prop_id,,unverified,,,,0.75
county,48469,Victoria,45104,202503,0.0,prop_id,,unverified,,,,0.77
county,48471,Walker,35584,202503,0.0306,prop_id,,unverified,,,,0.61
county,48473,Waller,48136,202503,0.0004,prop_id,,unverified,,,,0.82
county,48475,Ward,15181,202505,0.0081,prop_id,,unverified,,,,0.26
county,48477,Washington,23475,202503,0.0074,prop_id,,unverified,,,,0.4
county,48479,Webb,98291,202507,0.0025,prop_id,,unverified,,,,1.68
county,48481,Wharton,31888,202503,0.0172,prop_id,,unverified,,,,0.55
county,48483,Wheeler,7692,202505,0.0673,prop_id,,unverified,,,,0.13
county,48485,Wichita,58742,202503,0.0025,prop_id,,unverified,,,,1.01
county,48487,Wilbarger,11895,202503,0.0792,prop_id,,unverified,,,,0.2
county,48489,Willacy,13989,202503,0.1271,prop_id,,unverified,,,,0.24
county,48491,Williamson,282983,202507,0.0004,prop_id,https://gis.wilco.org/arcgis/rest/services/public/county_wcad_parcels/MapServer,verified,unknown,,,4.84
county,48493,Wilson,28827,202503,0.0196,prop_id,,unverified,,,,0.49
county,48495,Winkler,7234,202503,0.0442,prop_id,,unverified,,,,0.12
county,48497,Wise,48705,202503,0.0,prop_id,,unverified,,,,0.83
county,48499,Wood,44576,202503,0.0262,prop_id,,unverified,,,,0.76
county,48501,Yoakum,7291,202503,0.0357,prop_id,,unverified,,,,0.12
county,48503,Young,16353,202503,0.0184,prop_id,,unverified,,,,0.28
county,48505,Zapata,12623,202503,0.1031,prop_id,,unverified,,,,0.22
county,48507,Zavala,9744,202503,0.0564,prop_id,,unverified,,,,0.17
