"propId","geoId","txgioGeomBytes","bcadPolyForPropId","bcadNonPolyForPropId","bcadPolySameGeoId","successorsCoveringFootprint","successorPropIds","classification"
"10031","R10031","444","0","0","0","0","","GONE_FROM_BCAD"
"10090","","300","0","0","0","0","","TXGIO_ROW_WITHOUT_GEO_ID"
"103397","R103397","396","0","0","0","0","","GONE_FROM_BCAD"
"103419","R103419","1510","0","0","0","0","","GONE_FROM_BCAD"
"10403","R10403","780","0","0","0","0","","GONE_FROM_BCAD"
"10454","R10454","684","0","0","0","0","","GONE_FROM_BCAD"
"105017","","300","0","0","0","0","","TXGIO_ROW_WITHOUT_GEO_ID"
"108520","R108520","444","0","0","0","0","","GONE_FROM_BCAD"
"108531","R108531","444","0","0","0","0","","GONE_FROM_BCAD"
"109995","R109995","300","0","0","0","0","","GONE_FROM_BCAD"
"110701","R110701","2800","0","0","0","0","","GONE_FROM_BCAD"
"111280","R111280","396","0","0","0","0","","GONE_FROM_BCAD"
"11169","R11169","492","0","0","0","0","","GONE_FROM_BCAD"
"112077","","300","0","0","0","0","","TXGIO_ROW_WITHOUT_GEO_ID"
"112386","R112386","444","0","0","0","0","","GONE_FROM_BCAD"
"114993","","252","0","0","0","0","","TXGIO_ROW_WITHOUT_GEO_ID"
"114994","","300","0","0","0","0","","TXGIO_ROW_WITHOUT_GEO_ID"
"115215","","732","0","0","0","0","","TXGIO_ROW_WITHOUT_GEO_ID"
"115226","","300","0","0","0","0","","TXGIO_ROW_WITHOUT_GEO_ID"
"115227","","300","0","0","0","0","","TXGIO_ROW_WITHOUT_GEO_ID"
"11549","R11549","300","0","0","0","1","8733158","SUCCESSOR_POLYGON_OTHER_ID_COVERS_FOOTPRINT"
"116984","","444","0","0","0","0","","TXGIO_ROW_WITHOUT_GEO_ID"
"11728","","540","0","0","0","0","","TXGIO_ROW_WITHOUT_GEO_ID"
"11894","","300","0","0","0","0","","TXGIO_ROW_WITHOUT_GEO_ID"
"11905","R11905","648","0","0","0","0","","GONE_FROM_BCAD"
"119349","","300","0","0","0","0","","TXGIO_ROW_WITHOUT_GEO_ID"
"119362","","492","0","0","0","0","","TXGIO_ROW_WITHOUT_GEO_ID"
"121119","","396","0","0","0","0","","TXGIO_ROW_WITHOUT_GEO_ID"
"121120","","972","0","0","0","0","","TXGIO_ROW_WITHOUT_GEO_ID"
"12117","R12117","1076","0","0","0","0","","GONE_FROM_BCAD"
"122393","","252","0","0","0","0","","TXGIO_ROW_WITHOUT_GEO_ID"
"123104","","883","0","0","0","0","","TXGIO_ROW_WITHOUT_GEO_ID"
"124561","","636","0","0","0","0","","TXGIO_ROW_WITHOUT_GEO_ID"
"124894","","588","0","0","0","0","","TXGIO_ROW_WITHOUT_GEO_ID"
"126180","","300","0","0","0","0","","TXGIO_ROW_WITHOUT_GEO_ID"
"126230","","396","0","0","0","0","","TXGIO_ROW_WITHOUT_GEO_ID"
"126400","","492","0","0","0","0","","TXGIO_ROW_WITHOUT_GEO_ID"
"129054","","300","0","0","0","0","","TXGIO_ROW_WITHOUT_GEO_ID"
"129079","","300","0","0","0","0","","TXGIO_ROW_WITHOUT_GEO_ID"
"129080","","348","0","0","0","0","","TXGIO_ROW_WITHOUT_GEO_ID"
"129082","","300","0","0","0","0","","TXGIO_ROW_WITHOUT_GEO_ID"
"129316","","348","0","0","0","0","","TXGIO_ROW_WITHOUT_GEO_ID"
"129672","","836","0","0","0","0","","TXGIO_ROW_WITHOUT_GEO_ID"
"13332","","596","0","0","0","0","","TXGIO_ROW_WITHOUT_GEO_ID"
"13391","R13391","396","0","0","0","1","8737914","SUCCESSOR_POLYGON_OTHER_ID_COVERS_FOOTPRINT"
"13427","","828","0","0","0","0","","TXGIO_ROW_WITHOUT_GEO_ID"
"141269","R10055","732","0","0","0","0","","GONE_FROM_BCAD"
"141271","R10156","876","0","0","0","0","","GONE_FROM_BCAD"
"141272","R10231","444","0","0","0","0","","GONE_FROM_BCAD"
"141273","R10256","348","0","0","0","0","","GONE_FROM_BCAD"
"141276","R10409","492","0","0","0","0","","GONE_FROM_BCAD"
"141277","R10636","348","0","0","0","0","","GONE_FROM_BCAD"
"141280","","492","0","0","0","0","","TXGIO_ROW_WITHOUT_GEO_ID"
"141283","R12717","1020","0","0","0","0","","GONE_FROM_BCAD"
"141296","R16502","348","0","0","0","0","","GONE_FROM_BCAD"
"141297","R16754","300","0","0","0","0","","GONE_FROM_BCAD"
"141298","R17118","300","0","0","0","0","","GONE_FROM_BCAD"
"141306","R20440","300","0","0","0","0","","GONE_FROM_BCAD"
"141308","R20538","300","0","0","0","0","","GONE_FROM_BCAD"
"141312","R21183","492","0","0","0","0","","GONE_FROM_BCAD"
"141315","R21899","972","0","0","0","0","","GONE_FROM_BCAD"
"141324","R23996","876","0","0","0","0","","GONE_FROM_BCAD"
"141330","R26095","588","0","0","0","0","","GONE_FROM_BCAD"
"141334","R27153","300","0","0","0","1","27153","SUCCESSOR_POLYGON_OTHER_ID_COVERS_FOOTPRINT"
"141346","R30439","348","0","0","0","0","","GONE_FROM_BCAD"
"141348","R31991","588","0","0","0","0","","GONE_FROM_BCAD"
"141356","R33183","300","0","0","0","0","","GONE_FROM_BCAD"
"141357","R34016","1164","0","0","0","0","","POLYGON_UNDER_OTHER_ID_DOES_NOT_COVER"
"141361","R34360","684","0","0","0","1","34360","SUCCESSOR_POLYGON_OTHER_ID_COVERS_FOOTPRINT"
"141364","R35161","300","0","0","0","1","35161","SUCCESSOR_POLYGON_OTHER_ID_COVERS_FOOTPRINT"
"141366","R36954","300","0","0","0","0","","GONE_FROM_BCAD"
"141374","R39586","924","0","0","0","0","","GONE_FROM_BCAD"
"141376","R41867","1513","0","0","0","0","","GONE_FROM_BCAD"
"141389","R46662","444","0","0","0","1","46662","SUCCESSOR_POLYGON_OTHER_ID_COVERS_FOOTPRINT"
"141390","R46709","540","0","0","0","0","","GONE_FROM_BCAD"
"141391","R47044","492","0","0","0","0","","GONE_FROM_BCAD"
"141392","R48002","300","0","0","0","0","","GONE_FROM_BCAD"
"141396","R48899","588","0","0","0","0","","GONE_FROM_BCAD"
"141397","R48900","492","0","0","0","0","","GONE_FROM_BCAD"
"141398","R48921","348","0","0","0","0","","GONE_FROM_BCAD"
"141400","","348","0","0","0","0","","TXGIO_ROW_WITHOUT_GEO_ID"
"141403","R51213","684","0","0","0","0","","GONE_FROM_BCAD"
"141406","R53089","348","0","0","0","0","","GONE_FROM_BCAD"
"141411","R53334","348","0","0","0","0","","GONE_FROM_BCAD"
"141413","R55444","756","0","0","0","1","8712520","SUCCESSOR_POLYGON_OTHER_ID_COVERS_FOOTPRINT"
"141418","","924","0","0","0","0","","TXGIO_ROW_WITHOUT_GEO_ID"
"141419","R56910","492","0","0","0","1","56910","SUCCESSOR_POLYGON_OTHER_ID_COVERS_FOOTPRINT"
"141423","R57275","300","0","0","0","0","","GONE_FROM_BCAD"
"141425","R57750","300","0","0","0","0","","GONE_FROM_BCAD"
"141429","R59261","300","0","0","0","0","","GONE_FROM_BCAD"
"141430","R59340","300","0","0","0","0","","GONE_FROM_BCAD"
"141433","R59783","348","0","0","0","0","","GONE_FROM_BCAD"
"141435","","732","0","0","0","0","","TXGIO_ROW_WITHOUT_GEO_ID"
"141440","R63365","300","0","0","0","0","","GONE_FROM_BCAD"
"141446","R66916","348","0","0","0","0","","GONE_FROM_BCAD"
"141447","R70007","840","0","0","0","2","70007|8711646","SUCCESSOR_POLYGON_OTHER_ID_COVERS_FOOTPRINT"
"141451","R73784","684","0","0","0","0","","GONE_FROM_BCAD"
"141452","R73898","348","0","0","0","0","","GONE_FROM_BCAD"
"141454","R76763","684","0","0","0","0","","GONE_FROM_BCAD"
"141455","","1260","0","0","0","0","","TXGIO_ROW_WITHOUT_GEO_ID"
"141456","R77014","588","0","0","0","0","","GONE_FROM_BCAD"
"141460","R80116","588","0","0","0","0","","GONE_FROM_BCAD"
"141468","R85020","300","0","0","0","0","","GONE_FROM_BCAD"
"141470","R86929","348","0","0","0","0","","GONE_FROM_BCAD"
"141475","R90376","780","0","0","0","0","","GONE_FROM_BCAD"
"141477","R91316","540","0","0","0","0","","GONE_FROM_BCAD"
"141484","R93150","300","0","0","0","0","","GONE_FROM_BCAD"
"141486","R94480","300","0","0","0","0","","GONE_FROM_BCAD"
"141489","R103277","348","0","0","0","0","","GONE_FROM_BCAD"
"141502","","540","0","0","0","0","","TXGIO_ROW_WITHOUT_GEO_ID"
"141503","","300","0","0","0","0","","TXGIO_ROW_WITHOUT_GEO_ID"
"141510","","492","0","0","0","0","","TXGIO_ROW_WITHOUT_GEO_ID"
"141511","","348","0","0","0","0","","TXGIO_ROW_WITHOUT_GEO_ID"
"141517","","588","0","0","0","0","","TXGIO_ROW_WITHOUT_GEO_ID"
"141519","R10005","348","0","0","0","0","","GONE_FROM_BCAD"
"14209","R14209","348","0","0","0","0","","GONE_FROM_BCAD"
"14289","R14289","300","0","0","0","0","","GONE_FROM_BCAD"
"14367","R14367","300","0","0","0","0","","GONE_FROM_BCAD"
"14803","R14803","540","0","0","0","0","","GONE_FROM_BCAD"
"14874","R14874","492","0","0","0","1","8733856","SUCCESSOR_POLYGON_OTHER_ID_COVERS_FOOTPRINT"
"15222","R15222","300","0","0","0","0","","GONE_FROM_BCAD"
"15378","R15378","2581","0","0","0","2","8731312|8715853","SUCCESSOR_POLYGON_OTHER_ID_COVERS_FOOTPRINT"
"15903","R15903","396","0","0","0","0","","GONE_FROM_BCAD"
"16356","","396","0","0","0","0","","TXGIO_ROW_WITHOUT_GEO_ID"
"16451","R16451","348","0","0","0","0","","GONE_FROM_BCAD"
"16454","R16454","348","0","0","0","0","","GONE_FROM_BCAD"
"16536","R16536","568","0","1","0","0","","RECORD_WITHOUT_POLYGON"
"16601","R16601","348","0","0","0","0","","GONE_FROM_BCAD"
"16638","R16638","300","0","0","0","0","","GONE_FROM_BCAD"
"16696","","300","0","0","0","0","","TXGIO_ROW_WITHOUT_GEO_ID"
"17125","R17125","348","0","0","0","0","","GONE_FROM_BCAD"
"17139","R17139","732","0","0","0","1","8740459","SUCCESSOR_POLYGON_OTHER_ID_COVERS_FOOTPRINT"
"17319","R17319","540","0","0","0","0","","GONE_FROM_BCAD"
"17446","R17446","1164","0","0","0","0","","GONE_FROM_BCAD"
"17458","R17458","697","0","0","0","0","","GONE_FROM_BCAD"
"17490","R17490","540","0","0","0","0","","GONE_FROM_BCAD"
"18033","R18033","540","0","0","0","0","","GONE_FROM_BCAD"
"18422","R18422","396","0","0","0","0","","GONE_FROM_BCAD"
"18434","","300","0","0","0","0","","TXGIO_ROW_WITHOUT_GEO_ID"
"18575","","300","0","0","0","0","","TXGIO_ROW_WITHOUT_GEO_ID"
"18680","","348","0","0","0","0","","TXGIO_ROW_WITHOUT_GEO_ID"
"18693","R18693","596","0","0","0","1","8739437","SUCCESSOR_POLYGON_OTHER_ID_COVERS_FOOTPRINT"
"18735","R18735","636","0","0","0","0","","GONE_FROM_BCAD"
"18816","R18816","492","0","0","0","0","","GONE_FROM_BCAD"
"19077","R19077","300","0","0","0","0","","GONE_FROM_BCAD"
"19180","R19180","300","0","0","0","0","","GONE_FROM_BCAD"
"19263","","396","0","0","0","0","","TXGIO_ROW_WITHOUT_GEO_ID"
"19285","R19285","348","0","0","0","0","","GONE_FROM_BCAD"
"19351","R19351","1020","0","0","0","0","","GONE_FROM_BCAD"
"19506","R19506","540","0","0","0","0","","GONE_FROM_BCAD"
"19531","","300","0","0","0","0","","TXGIO_ROW_WITHOUT_GEO_ID"
"19882","R19882","300","0","0","0","0","","GONE_FROM_BCAD"
"19987","","300","0","0","0","0","","TXGIO_ROW_WITHOUT_GEO_ID"
"19990","","300","0","0","0","0","","TXGIO_ROW_WITHOUT_GEO_ID"
"19993","R19993","300","0","0","0","0","","GONE_FROM_BCAD"
"20020","R20020","300","0","0","0","0","","GONE_FROM_BCAD"
"20339","R20339","348","0","0","0","0","","GONE_FROM_BCAD"
"20391","R20391","1212","0","0","0","1","8713106","SUCCESSOR_POLYGON_OTHER_ID_COVERS_FOOTPRINT"
"20461","","300","0","0","0","0","","TXGIO_ROW_WITHOUT_GEO_ID"
"20465","","300","0","0","0","0","","TXGIO_ROW_WITHOUT_GEO_ID"
"20497","R20497","1164","0","0","0","0","","GONE_FROM_BCAD"
"20505","R20505","300","0","0","0","0","","GONE_FROM_BCAD"
"20509","R20509","300","0","0","0","0","","GONE_FROM_BCAD"
"20602","R20602","396","0","0","0","0","","GONE_FROM_BCAD"
"20620","R20620","396","0","0","0","0","","GONE_FROM_BCAD"
"20704","R20704","396","0","0","0","0","","GONE_FROM_BCAD"
"20900","","396","0","0","0","0","","TXGIO_ROW_WITHOUT_GEO_ID"
"20924","","492","0","0","0","0","","TXGIO_ROW_WITHOUT_GEO_ID"
"20953","","300","0","0","0","0","","TXGIO_ROW_WITHOUT_GEO_ID"
"20958","R20958","348","0","0","0","0","","GONE_FROM_BCAD"
"20961","","300","0","0","0","0","","TXGIO_ROW_WITHOUT_GEO_ID"
"21050","","492","0","0","0","0","","TXGIO_ROW_WITHOUT_GEO_ID"
"21163","R21163","348","0","0","0","0","","POLYGON_UNDER_OTHER_ID_DOES_NOT_COVER"
"21262","R21262","492","0","0","0","0","","GONE_FROM_BCAD"
"21296","R21296","540","0","0","0","0","","GONE_FROM_BCAD"
"21314","R21314","654","0","0","0","0","","GONE_FROM_BCAD"
"21331","","972","0","0","0","0","","TXGIO_ROW_WITHOUT_GEO_ID"
"21381","R21381","300","0","0","0","0","","GONE_FROM_BCAD"
"21383","R21383","1068","0","0","0","0","","GONE_FROM_BCAD"
"21493","","348","0","0","0","0","","TXGIO_ROW_WITHOUT_GEO_ID"
"21577","","300","0","0","0","0","","TXGIO_ROW_WITHOUT_GEO_ID"
"21645","R21645","300","0","0","0","0","","GONE_FROM_BCAD"
"21659","R21659","252","0","0","0","0","","GONE_FROM_BCAD"
"21688","","492","0","0","0","0","","TXGIO_ROW_WITHOUT_GEO_ID"
"21749","R21749","492","0","0","0","0","","GONE_FROM_BCAD"
"21752","","300","0","0","0","0","","TXGIO_ROW_WITHOUT_GEO_ID"
"21905","","972","0","0","0","0","","TXGIO_ROW_WITHOUT_GEO_ID"
"21907","","732","0","0","0","0","","TXGIO_ROW_WITHOUT_GEO_ID"
"21953","","444","0","0","0","0","","TXGIO_ROW_WITHOUT_GEO_ID"
"22100","","300","0","0","0","0","","TXGIO_ROW_WITHOUT_GEO_ID"
"22304","R22304","348","0","0","0","0","","GONE_FROM_BCAD"
"22312","R22312","348","0","0","0","0","","GONE_FROM_BCAD"
"22402","","444","0","0","0","0","","TXGIO_ROW_WITHOUT_GEO_ID"
"22410","","588","0","0","0","0","","TXGIO_ROW_WITHOUT_GEO_ID"
"22429","R22429","300","0","0","0","0","","GONE_FROM_BCAD"
"22507","","300","0","0","0","0","","TXGIO_ROW_WITHOUT_GEO_ID"
"22553","R22553","348","0","0","0","0","","GONE_FROM_BCAD"
"22561","R22561","348","0","0","0","0","","GONE_FROM_BCAD"
"22598","R22598","348","0","0","0","0","","GONE_FROM_BCAD"
"22823","R22823","300","0","0","0","0","","GONE_FROM_BCAD"
"22873","R22873","348","0","0","0","0","","GONE_FROM_BCAD"
"22889","R22889","348","0","0","0","0","","GONE_FROM_BCAD"
"23022","R23022","300","0","0","0","0","","GONE_FROM_BCAD"
"23100","R23100","733","0","0","0","0","","POLYGON_UNDER_OTHER_ID_DOES_NOT_COVER"
"23276","R23276","972","0","0","0","0","","GONE_FROM_BCAD"
"23295","R23295","636","0","0","0","0","","GONE_FROM_BCAD"
"23302","","444","0","0","0","0","","TXGIO_ROW_WITHOUT_GEO_ID"
"23318","R23318","396","0","0","0","0","","GONE_FROM_BCAD"
"23380","","732","0","0","0","0","","TXGIO_ROW_WITHOUT_GEO_ID"
"23412","R23412","1212","0","0","0","0","","GONE_FROM_BCAD"
"23467","R23467","396","0","0","0","0","","GONE_FROM_BCAD"
"23477","R23477","300","0","0","0","0","","GONE_FROM_BCAD"
"23497","R23497","396","0","0","0","0","","GONE_FROM_BCAD"
"23505","R23505","348","0","0","0","0","","GONE_FROM_BCAD"
"23534","R23534","300","0","0","0","0","","GONE_FROM_BCAD"
"23571","","300","0","0","0","0","","TXGIO_ROW_WITHOUT_GEO_ID"
"23587","","300","0","0","0","0","","TXGIO_ROW_WITHOUT_GEO_ID"
"23595","","300","0","0","0","0","","TXGIO_ROW_WITHOUT_GEO_ID"
"23724","R23724","1068","0","0","0","0","","GONE_FROM_BCAD"
"23748","R23748","924","0","0","0","12","8741822|8741819|8741813|8741824|8741823|8741821|8741814|8741815|8741817|8741816|8741818|8741820","SUCCESSOR_POLYGON_OTHER_ID_COVERS_FOOTPRINT"
"23955","R23955","396","0","0","0","0","","GONE_FROM_BCAD"
"24067","","636","0","0","0","0","","TXGIO_ROW_WITHOUT_GEO_ID"
"24086","R24086","396","0","0","0","0","","GONE_FROM_BCAD"
"24157","R24157","1133","0","0","0","0","","GONE_FROM_BCAD"
"24274","R24274","348","0","0","0","0","","GONE_FROM_BCAD"
"24344","R24344","396","0","0","0","0","","GONE_FROM_BCAD"
"24360","R24360","348","0","0","0","0","","GONE_FROM_BCAD"
"24546","R24546","780","0","0","0","0","","GONE_FROM_BCAD"
"24655","","732","0","0","0","0","","TXGIO_ROW_WITHOUT_GEO_ID"
"24776","R24776","348","0","0","0","0","","POLYGON_UNDER_OTHER_ID_DOES_NOT_COVER"
"24896","R24896","444","0","0","0","0","","GONE_FROM_BCAD"
"25009","R25009","396","0","0","0","0","","GONE_FROM_BCAD"
"25132","R25132","300","0","0","0","0","","GONE_FROM_BCAD"
"25239","R25239","737","0","0","0","0","","GONE_FROM_BCAD"
"25265","R25265","348","0","0","0","0","","GONE_FROM_BCAD"
"25370","R25370","396","0","0","0","0","","GONE_FROM_BCAD"
"25378","R25378","396","0","0","0","0","","GONE_FROM_BCAD"
"25386","R25386","396","0","0","0","0","","GONE_FROM_BCAD"
"25387","R25387","300","0","0","0","0","","GONE_FROM_BCAD"
"25413","R25413","885","0","0","0","1","8739007","SUCCESSOR_POLYGON_OTHER_ID_COVERS_FOOTPRINT"
"25436","R25436","1308","0","0","0","0","","GONE_FROM_BCAD"
"25532","R25532","1396","0","0","0","0","","GONE_FROM_BCAD"
"25535","","300","0","0","0","0","","TXGIO_ROW_WITHOUT_GEO_ID"
"25574","R25574","540","0","0","0","0","","GONE_FROM_BCAD"
"25781","R25781","876","0","0","0","0","","POLYGON_UNDER_OTHER_ID_DOES_NOT_COVER"
"25786","","396","0","0","0","0","","TXGIO_ROW_WITHOUT_GEO_ID"
"25796","R25796","300","0","0","0","0","","GONE_FROM_BCAD"
"25926","R25926","732","0","0","0","1","8737567","SUCCESSOR_POLYGON_OTHER_ID_COVERS_FOOTPRINT"
"26003","","348","0","0","0","0","","TXGIO_ROW_WITHOUT_GEO_ID"
"26005","R26005","300","0","0","0","0","","GONE_FROM_BCAD"
"26011","","300","0","0","0","0","","TXGIO_ROW_WITHOUT_GEO_ID"
"26022","R26022","348","0","0","0","0","","GONE_FROM_BCAD"
"26038","R26038","444","0","0","0","0","","GONE_FROM_BCAD"
"26149","R26149","780","0","0","0","0","","GONE_FROM_BCAD"
"26174","R26174","1260","0","0","0","0","","GONE_FROM_BCAD"
"26185","R26185","636","0","0","0","0","","GONE_FROM_BCAD"
"26190","","732","0","0","0","0","","TXGIO_ROW_WITHOUT_GEO_ID"
"26193","R26193","540","0","0","0","0","","GONE_FROM_BCAD"
"26321","R26321","588","0","0","0","0","","GONE_FROM_BCAD"
"26493","R26493","348","0","0","0","0","","GONE_FROM_BCAD"
"26592","R26592","396","0","0","0","0","","GONE_FROM_BCAD"
"26597","","348","0","0","0","0","","TXGIO_ROW_WITHOUT_GEO_ID"
"26797","R26797","396","0","0","0","0","","GONE_FROM_BCAD"
"26815","","300","0","0","0","0","","TXGIO_ROW_WITHOUT_GEO_ID"
"26857","R26857","1033","0","0","0","0","","GONE_FROM_BCAD"
"26922","R26922","684","0","0","0","0","","GONE_FROM_BCAD"
"27142","R27142","396","0","0","0","0","","GONE_FROM_BCAD"
"27203","R27203","396","0","0","0","0","","GONE_FROM_BCAD"
"27220","R27220","1020","0","0","0","0","","GONE_FROM_BCAD"
"27231","","780","0","0","0","0","","TXGIO_ROW_WITHOUT_GEO_ID"
"27354","","348","0","0","0","0","","TXGIO_ROW_WITHOUT_GEO_ID"
"27365","R27365","588","0","0","0","0","","GONE_FROM_BCAD"
"27429","","348","0","0","0","0","","TXGIO_ROW_WITHOUT_GEO_ID"
"27456","R27456","444","0","0","0","0","","GONE_FROM_BCAD"
"27464","R27464","540","0","0","0","0","","GONE_FROM_BCAD"
"27475","R27475","300","0","0","0","0","","GONE_FROM_BCAD"
"27569","R27569","492","0","0","0","0","","GONE_FROM_BCAD"
"27616","","348","0","0","0","0","","TXGIO_ROW_WITHOUT_GEO_ID"
"27651","","396","0","0","0","0","","TXGIO_ROW_WITHOUT_GEO_ID"
"27671","","396","0","0","0","0","","TXGIO_ROW_WITHOUT_GEO_ID"
"27688","","1260","0","0","0","0","","TXGIO_ROW_WITHOUT_GEO_ID"
"27763","R27763","492","0","0","0","0","","GONE_FROM_BCAD"
"27790","R27790","898","0","0","0","0","","GONE_FROM_BCAD"
"27840","","300","0","0","0","0","","TXGIO_ROW_WITHOUT_GEO_ID"
"27893","R27893","300","0","0","0","0","","GONE_FROM_BCAD"
"27901","R27901","300","0","0","0","0","","GONE_FROM_BCAD"
"27928","","828","0","0","0","0","","TXGIO_ROW_WITHOUT_GEO_ID"
"28024","R28024","732","0","0","0","0","","GONE_FROM_BCAD"
"28032","R28032","828","0","0","0","1","8728454","SUCCESSOR_POLYGON_OTHER_ID_COVERS_FOOTPRINT"
"28147","","348","0","0","0","0","","TXGIO_ROW_WITHOUT_GEO_ID"
"28216","R28216","396","0","0","0","0","","GONE_FROM_BCAD"
"28240","R28240","396","0","0","0","0","","GONE_FROM_BCAD"
"28256","R28256","300","0","0","0","0","","GONE_FROM_BCAD"
"28260","","444","0","0","0","0","","TXGIO_ROW_WITHOUT_GEO_ID"
"28267","","348","0","0","0","0","","TXGIO_ROW_WITHOUT_GEO_ID"
"28268","","396","0","0","0","0","","TXGIO_ROW_WITHOUT_GEO_ID"
"28275","","300","0","0","0","0","","TXGIO_ROW_WITHOUT_GEO_ID"
"28299","","492","0","0","0","0","","TXGIO_ROW_WITHOUT_GEO_ID"
"28432","","348","0","0","0","0","","TXGIO_ROW_WITHOUT_GEO_ID"
"28440","","684","0","0","0","0","","TXGIO_ROW_WITHOUT_GEO_ID"
"28448","","1260","0","0","0","0","","TXGIO_ROW_WITHOUT_GEO_ID"
"28464","","300","0","0","0","0","","TXGIO_ROW_WITHOUT_GEO_ID"
"28541","","300","0","0","0","0","","TXGIO_ROW_WITHOUT_GEO_ID"
"28622","R28622","348","0","0","0","0","","GONE_FROM_BCAD"
"28627","","396","0","0","0","0","","TXGIO_ROW_WITHOUT_GEO_ID"
"28648","R28648","3181","0","0","0","0","","GONE_FROM_BCAD"
"28650","","540","0","0","0","0","","TXGIO_ROW_WITHOUT_GEO_ID"
"28658","","588","0","0","0","0","","TXGIO_ROW_WITHOUT_GEO_ID"
"29041","R29041","300","0","0","0","0","","GONE_FROM_BCAD"
"29206","R29206","899","0","0","0","1","8705867","SUCCESSOR_POLYGON_OTHER_ID_COVERS_FOOTPRINT"
"29229","R29229","348","0","0","0","0","","GONE_FROM_BCAD"
"29269","R29269","300","0","0","0","0","","GONE_FROM_BCAD"
"29528","","300","0","0","0","0","","TXGIO_ROW_WITHOUT_GEO_ID"
"29573","R29573","348","0","0","0","0","","GONE_FROM_BCAD"
"29581","R29581","348","0","0","0","0","","GONE_FROM_BCAD"
"29589","R29589","348","0","0","0","0","","GONE_FROM_BCAD"
"29653","R29653","492","0","0","0","0","","GONE_FROM_BCAD"
"29704","R29704","300","0","0","0","0","","GONE_FROM_BCAD"
"29774","R29774","540","0","0","0","2","8741304|8728609","SUCCESSOR_POLYGON_OTHER_ID_COVERS_FOOTPRINT"
"29832","R29832","300","0","0","0","0","","GONE_FROM_BCAD"
"29840","R29840","300","0","0","0","0","","GONE_FROM_BCAD"
"29861","R29861","636","0","0","0","0","","GONE_FROM_BCAD"
"29869","R29869","636","0","0","0","0","","GONE_FROM_BCAD"
"29872","R29872","300","0","0","0","0","","GONE_FROM_BCAD"
"29904","R29904","1308","0","0","0","0","","GONE_FROM_BCAD"
"30030","R30030","348","0","0","0","0","","GONE_FROM_BCAD"
"30038","R30038","540","0","0","0","0","","GONE_FROM_BCAD"
"30089","R30089","396","0","0","0","0","","GONE_FROM_BCAD"
"30192","","348","0","0","0","0","","TXGIO_ROW_WITHOUT_GEO_ID"
"30306","R30306","348","0","0","0","0","","GONE_FROM_BCAD"
"30403","R30403","444","0","0","0","0","","GONE_FROM_BCAD"
"30411","R30411","396","0","0","0","0","","GONE_FROM_BCAD"
"30515","R30515","588","0","0","0","0","","GONE_FROM_BCAD"
"30667","R30667","300","0","0","0","0","","GONE_FROM_BCAD"
"30675","R30675","684","0","0","0","0","","GONE_FROM_BCAD"
"30683","R30683","540","0","0","0","0","","GONE_FROM_BCAD"
"30691","R30691","588","0","0","0","0","","GONE_FROM_BCAD"
"30955","R30955","952","0","1","0","0","","RECORD_WITHOUT_POLYGON"
"30956","R30956","348","0","0","0","0","","GONE_FROM_BCAD"
"31082","R31082","300","0","0","0","0","","GONE_FROM_BCAD"
"31100","R31100","300","0","0","0","0","","GONE_FROM_BCAD"
"31238","","348","0","0","0","0","","TXGIO_ROW_WITHOUT_GEO_ID"
"31469","","444","0","0","0","0","","TXGIO_ROW_WITHOUT_GEO_ID"
"31493","R31493","348","0","0","0","0","","GONE_FROM_BCAD"
"31515","R31515","588","0","0","0","0","","GONE_FROM_BCAD"
"31684","R31684","1110","0","0","0","1","8731851","SUCCESSOR_POLYGON_OTHER_ID_COVERS_FOOTPRINT"
"31724","R31724","348","0","0","0","0","","GONE_FROM_BCAD"
"31958","R31958","348","0","0","0","0","","GONE_FROM_BCAD"
"31980","R31980","646","0","0","0","0","","GONE_FROM_BCAD"
"31981","","1308","0","0","0","0","","TXGIO_ROW_WITHOUT_GEO_ID"
"32235","R32235","300","0","0","0","0","","GONE_FROM_BCAD"
"32289","","348","0","0","0","0","","TXGIO_ROW_WITHOUT_GEO_ID"
"32381","R32381","444","0","0","0","0","","GONE_FROM_BCAD"
"32383","R32383","396","0","0","0","0","","GONE_FROM_BCAD"
"32390","R32390","444","0","0","0","0","","GONE_FROM_BCAD"
"32399","R32399","396","0","0","0","0","","GONE_FROM_BCAD"
"32418","","348","0","0","0","0","","TXGIO_ROW_WITHOUT_GEO_ID"
"32427","","444","0","0","0","0","","TXGIO_ROW_WITHOUT_GEO_ID"
"32448","","396","0","0","0","0","","TXGIO_ROW_WITHOUT_GEO_ID"
"32901","R32901","396","0","0","0","0","","GONE_FROM_BCAD"
"33087","R33087","300","0","0","0","0","","GONE_FROM_BCAD"
"33241","","348","0","0","0","0","","TXGIO_ROW_WITHOUT_GEO_ID"
"33356","R33356","889","0","0","0","0","","GONE_FROM_BCAD"
"33419","","348","0","0","0","0","","TXGIO_ROW_WITHOUT_GEO_ID"
"33704","","492","0","0","0","0","","TXGIO_ROW_WITHOUT_GEO_ID"
"33711","","540","0","0","0","0","","TXGIO_ROW_WITHOUT_GEO_ID"
"33920","R33920","348","0","0","0","0","","GONE_FROM_BCAD"
"34065","R34065","492","0","0","0","3","8741972|8741974|8741973","SUCCESSOR_POLYGON_OTHER_ID_COVERS_FOOTPRINT"
"34144","","252","0","0","0","0","","TXGIO_ROW_WITHOUT_GEO_ID"
"34275","R34275","300","0","0","0","0","","GONE_FROM_BCAD"
"34280","","780","0","0","0","0","","TXGIO_ROW_WITHOUT_GEO_ID"
"34350","","588","0","0","0","0","","TXGIO_ROW_WITHOUT_GEO_ID"
"34545","R34545","300","0","0","0","0","","GONE_FROM_BCAD"
"34671","R34671","684","0","0","0","0","","GONE_FROM_BCAD"
"34866","","444","0","0","0","0","","TXGIO_ROW_WITHOUT_GEO_ID"
"34925","R34925","300","0","0","0","0","","GONE_FROM_BCAD"
"34973","R34973","396","0","0","0","0","","GONE_FROM_BCAD"
"34977","","396","0","0","0","0","","TXGIO_ROW_WITHOUT_GEO_ID"
"34979","R34979","300","0","0","0","0","","GONE_FROM_BCAD"
"35146","","348","0","0","0","0","","TXGIO_ROW_WITHOUT_GEO_ID"
"35211","R35211","1164","0","0","0","0","","GONE_FROM_BCAD"
"35237","","348","0","0","0","0","","TXGIO_ROW_WITHOUT_GEO_ID"
"35251","","492","0","0","0","0","","TXGIO_ROW_WITHOUT_GEO_ID"
"35276","R35276","300","0","0","0","0","","GONE_FROM_BCAD"
"35329","","348","0","0","0","0","","TXGIO_ROW_WITHOUT_GEO_ID"
"35472","R35472","300","0","0","0","0","","GONE_FROM_BCAD"
"35629","","492","0","0","0","0","","TXGIO_ROW_WITHOUT_GEO_ID"
"35658","","684","0","0","0","0","","TXGIO_ROW_WITHOUT_GEO_ID"
"35876","","300","0","0","0","0","","TXGIO_ROW_WITHOUT_GEO_ID"
"35936","R35936","780","0","0","0","2","8725719|8725726","SUCCESSOR_POLYGON_OTHER_ID_COVERS_FOOTPRINT"
"35975","R35975","492","0","0","0","0","","GONE_FROM_BCAD"
"35990","R35990","300","0","0","0","0","","GONE_FROM_BCAD"
"36031","","492","0","0","0","0","","TXGIO_ROW_WITHOUT_GEO_ID"
"36128","","1308","0","0","0","0","","TXGIO_ROW_WITHOUT_GEO_ID"
"36152","","300","0","0","0","0","","TXGIO_ROW_WITHOUT_GEO_ID"
"36267","","684","0","0","0","0","","TXGIO_ROW_WITHOUT_GEO_ID"
"36415","R36415","588","0","0","0","1","8737820","SUCCESSOR_POLYGON_OTHER_ID_COVERS_FOOTPRINT"
"36640","","396","0","0","0","0","","TXGIO_ROW_WITHOUT_GEO_ID"
"36679","R36679","444","0","0","0","0","","GONE_FROM_BCAD"
"36735","R36735","654","0","0","0","0","","GONE_FROM_BCAD"
"36778","R36778","300","0","0","0","0","","GONE_FROM_BCAD"
"36968","R36968","540","0","0","0","0","","GONE_FROM_BCAD"
"36970","R36970","396","0","0","0","0","","GONE_FROM_BCAD"
"37172","R37172","300","0","0","0","0","","GONE_FROM_BCAD"
"37466","R37466","252","0","0","0","0","","POLYGON_UNDER_OTHER_ID_DOES_NOT_COVER"
"37580","R37580","612","0","0","0","0","","GONE_FROM_BCAD"
"37639","R37639","828","0","0","0","0","","GONE_FROM_BCAD"
"37978","R37978","300","0","0","0","0","","GONE_FROM_BCAD"
"38073","R38073","540","0","0","0","0","","GONE_FROM_BCAD"
"38591","","636","0","0","0","0","","TXGIO_ROW_WITHOUT_GEO_ID"
"38594","","444","0","0","0","0","","TXGIO_ROW_WITHOUT_GEO_ID"
"38691","R38691","588","0","0","0","0","","GONE_FROM_BCAD"
"39265","R39265","444","0","0","0","0","","GONE_FROM_BCAD"
"39324","R39324","492","0","0","0","0","","GONE_FROM_BCAD"
"39434","R39434","540","0","0","0","0","","GONE_FROM_BCAD"
"39506","R39506","1164","0","0","0","0","","GONE_FROM_BCAD"
"39507","R39507","492","0","0","0","0","","GONE_FROM_BCAD"
"39508","R39508","444","0","0","0","0","","GONE_FROM_BCAD"
"39613","R39613","396","0","0","0","0","","GONE_FROM_BCAD"
"39614","R39614","348","0","0","0","0","","GONE_FROM_BCAD"
"39615","R39615","348","0","0","0","0","","GONE_FROM_BCAD"
"39669","R39669","300","0","0","0","0","","GONE_FROM_BCAD"
"39670","R39670","300","0","0","0","0","","GONE_FROM_BCAD"
"39689","R39689","636","0","0","0","0","","GONE_FROM_BCAD"
"39772","R39772","1164","0","0","0","0","","GONE_FROM_BCAD"
"39777","R39777","578","0","0","0","0","","GONE_FROM_BCAD"
"39778","R39778","1020","0","0","0","0","","GONE_FROM_BCAD"
"39828","R39828","684","0","0","0","0","","GONE_FROM_BCAD"
"39911","","300","0","0","0","0","","TXGIO_ROW_WITHOUT_GEO_ID"
"40188","R40188","348","0","0","0","0","","GONE_FROM_BCAD"
"40195","R40195","396","0","0","0","0","","GONE_FROM_BCAD"
"40363","R40363","348","0","0","0","0","","GONE_FROM_BCAD"
"40640","R40640","300","0","0","0","0","","GONE_FROM_BCAD"
"40936","R40936","540","0","0","0","0","","GONE_FROM_BCAD"
"40982","R40982","396","0","0","0","0","","GONE_FROM_BCAD"
"41283","","300","0","0","0","0","","TXGIO_ROW_WITHOUT_GEO_ID"
"41453","","348","0","0","0","0","","TXGIO_ROW_WITHOUT_GEO_ID"
"41459","R41459","300","0","0","0","0","","GONE_FROM_BCAD"
"41600","R41600","300","0","0","0","0","","GONE_FROM_BCAD"
"41601","R41601","348","0","0","0","0","","GONE_FROM_BCAD"
"41674","R41674","300","0","0","0","0","","GONE_FROM_BCAD"
"41691","R41691","300","0","0","0","0","","GONE_FROM_BCAD"
"41768","R41768","731","0","0","0","0","","GONE_FROM_BCAD"
"41793","R41793","876","0","0","0","201","8737298|8737297|8737299|8737296|8737300|8737295|8737301|8737294|8737293|8737302|8737303|8737292|8737304|8737305|8737291|8737306|8737290|8737307|8737289|8737288|8737308|8737370|8737309|8737369|8737331|8737332|8737330|8737310|8737333|8737329|8737311|8737328|8737334|8737368|8737327|8737335|8737322|8737323|8737367|8737312|8737321|8737324|8737326|8737325|8737336|8737366|8737313|8737320|8737365|8737314|8737318|8737315|8737319|8737317|8737364|8737316|8737363|8737355|8737356|8737362|8737361|8737357|8737360|8737358|8737359|8737435|8737495|8737438|8737437|8737436|8737439|8737440|8737494|8737493|8737441|8737492|8737442|8737491|8737490|8737489|8737488|8737487|8737477|8737478|8737486|8737479|8737485|8737480|8737484|8737483|8737482|8737447|8737448|8737446|8737449|8737443|8737450|8737444|8737445|8737451|8737452|8737453|8737454|8737455|8737456|8737457|8737458|8737474|8737475|8737473|8737481|8737218|8737217|8737216|8737219|8737215|8737220|8737221|8737225|8737214|8737224|8737222|8737226|8737213|8737223|8737212|8737227|8737211|8737228|8737210|8737229|8737209|8737230|8737231|8737232|8737208|8737233|8737201|8737207|8737240|8737234|8737239|8737241|8737206|8737235|8737238|8737242|8737205|8737202|8737236|8737243|8737237|8737204|8737252|8737253|8737251|8737203|8737244|8737245|8737254|8737246|8737247|8737248|8737249|8737250|8737373|8737374|8737375|8737376|8737377|8737385|8737384|8737378|8737383|8737379|8737382|8737381|8737386|8737380|8737387|8737388|8737389|8737390|8737391|8737392|8737393|8737400|8737399|8737401|8737394|8737395|8737402|8737398|8737403|8737396|8737397|8737414|8737415|8737404|8737405|8737416","SUCCESSOR_POLYGON_OTHER_ID_COVERS_FOOTPRINT"
"41808","R41808","1444","0","0","0","0","","GONE_FROM_BCAD"
"41873","R41873","884","0","0","0","0","","GONE_FROM_BCAD"
"41934","R41934","444","0","0","0","1","8737818","SUCCESSOR_POLYGON_OTHER_ID_COVERS_FOOTPRINT"
"41967","R41967","252","0","0","0","0","","GONE_FROM_BCAD"
"42088","R42088","588","0","0","0","0","","GONE_FROM_BCAD"
"42278","R42278","684","0","0","0","0","","GONE_FROM_BCAD"
"42292","R42292","972","0","0","0","0","","GONE_FROM_BCAD"
"42326","","396","0","0","0","0","","TXGIO_ROW_WITHOUT_GEO_ID"
"42331","R42331","540","0","0","0","0","","GONE_FROM_BCAD"
"42445","","348","0","0","0","0","","TXGIO_ROW_WITHOUT_GEO_ID"
"42446","","348","0","0","0","0","","TXGIO_ROW_WITHOUT_GEO_ID"
"42449","R42449","588","0","0","0","0","","GONE_FROM_BCAD"
"42628","R42628","836","0","0","0","0","","GONE_FROM_BCAD"
"42682","","300","0","0","0","0","","TXGIO_ROW_WITHOUT_GEO_ID"
"42726","R42726","348","0","0","0","0","","GONE_FROM_BCAD"
"42771","R42771","1021","0","0","0","6","8731909|8731910|8731135|8731105|8730855|8730675","SUCCESSOR_POLYGON_OTHER_ID_COVERS_FOOTPRINT"
"42811","R42811","692","0","0","0","0","","GONE_FROM_BCAD"
"42814","R42814","732","0","0","0","0","","GONE_FROM_BCAD"
"42827","R42827","492","0","0","0","0","","GONE_FROM_BCAD"
"42868","R42868","588","0","0","0","0","","GONE_FROM_BCAD"
"42869","","780","0","0","0","0","","TXGIO_ROW_WITHOUT_GEO_ID"
"42874","R42874","1028","0","0","0","0","","GONE_FROM_BCAD"
"42879","R42879","836","0","0","0","0","","GONE_FROM_BCAD"
"44116","R44116","843","0","0","0","2","8739006|8734201","SUCCESSOR_POLYGON_OTHER_ID_COVERS_FOOTPRINT"
"44388","R44388","636","0","0","0","0","","GONE_FROM_BCAD"
"44395","R44395","636","0","0","0","0","","GONE_FROM_BCAD"
"44535","R44535","444","0","0","0","1","8741825","SUCCESSOR_POLYGON_OTHER_ID_COVERS_FOOTPRINT"
"44773","","348","0","0","0","0","","TXGIO_ROW_WITHOUT_GEO_ID"
"44924","","492","0","0","0","0","","TXGIO_ROW_WITHOUT_GEO_ID"
"44969","R44969","492","0","0","0","0","","GONE_FROM_BCAD"
"45542","R45542","492","0","0","0","0","","GONE_FROM_BCAD"
"45543","R45543","348","0","0","0","0","","GONE_FROM_BCAD"
"45799","R45799","492","0","0","0","0","","GONE_FROM_BCAD"
"45806","R45806","588","0","0","0","0","","GONE_FROM_BCAD"
"46345","","396","0","0","0","0","","TXGIO_ROW_WITHOUT_GEO_ID"
"46404","R46404","396","0","0","0","2","8741869|8741868","SUCCESSOR_POLYGON_OTHER_ID_COVERS_FOOTPRINT"
"46471","R46471","348","0","0","0","0","","GONE_FROM_BCAD"
"46563","R46563","540","0","0","0","0","","GONE_FROM_BCAD"
"46568","R46568","2045","0","0","0","4","8739441|8735042|8737895|8735025","SUCCESSOR_POLYGON_OTHER_ID_COVERS_FOOTPRINT"
"46619","R46619","492","0","0","0","0","","GONE_FROM_BCAD"
"46642","R46642","348","0","0","0","0","","GONE_FROM_BCAD"
"47136","","444","0","0","0","0","","TXGIO_ROW_WITHOUT_GEO_ID"
"47156","","1068","0","0","0","0","","TXGIO_ROW_WITHOUT_GEO_ID"
"47168","R47168","444","0","0","0","0","","GONE_FROM_BCAD"
"47174","R47174","348","0","0","0","0","","GONE_FROM_BCAD"
"47175","R47175","780","0","0","0","0","","GONE_FROM_BCAD"
"47177","R47177","348","0","0","0","0","","GONE_FROM_BCAD"
"47231","","588","0","0","0","0","","TXGIO_ROW_WITHOUT_GEO_ID"
"47431","R47431","876","0","0","0","0","","GONE_FROM_BCAD"
"47575","","396","0","0","0","0","","TXGIO_ROW_WITHOUT_GEO_ID"
"47629","R47629","300","0","0","0","0","","GONE_FROM_BCAD"
"47632","R47632","444","0","0","0","0","","GONE_FROM_BCAD"
"47646","R47646","1212","0","0","0","87","8741877|8741907|8741958|8741956|8741953|8741872|8741892|8741952|8741951|8741950|8741876|8741949|8741935|8741921|8741954|8741934|8741948|8741920|8741955|8741894|8741937|8741924|8741925|8741957|8741922|8741929|8741917|8741916|8741941|8741926|8741940|8741944|8741928|8741943|8741936|8741919|8741947|8741927|8741942|8741946|8741945|8741939|8741912|8741915|8741913|8741895|8741923|8741914|8741938|8741918|8741896|8741904|8741903|8741897|8741905|8741906|8741898|8741899|8741875|8741882|8741900|8741901|8741902|8741893|8741878|8741888|8741880|8741879|8741889|8741911|8741908|8741909|8741890|8741910|8741874|8741933|8741873|8741884|8741887|8741881|8741930|8741891|8741883|8741885|8741886|8741932|8741931","SUCCESSOR_POLYGON_OTHER_ID_COVERS_FOOTPRINT"
"47942","R47942","348","0","0","0","0","","GONE_FROM_BCAD"
"48340","R48340","732","0","0","0","0","","GONE_FROM_BCAD"
"48493","R48493","1082","0","0","0","1","8739041","SUCCESSOR_POLYGON_OTHER_ID_COVERS_FOOTPRINT"
"48736","R48736","300","0","0","0","0","","GONE_FROM_BCAD"
"48752","R48752","300","0","0","0","0","","GONE_FROM_BCAD"
"49552","R49552","300","0","0","0","0","","GONE_FROM_BCAD"
"49597","R49597","300","0","0","0","0","","GONE_FROM_BCAD"
"49737","","828","0","0","0","0","","TXGIO_ROW_WITHOUT_GEO_ID"
"49938","","396","0","0","0","0","","TXGIO_ROW_WITHOUT_GEO_ID"
"50828","R50828","1020","0","0","0","1","8728067","SUCCESSOR_POLYGON_OTHER_ID_COVERS_FOOTPRINT"
"51569","R51569","348","0","0","0","0","","GONE_FROM_BCAD"
"51650","R51650","540","0","0","0","0","","GONE_FROM_BCAD"
"52819","R52819","630","0","0","0","0","","GONE_FROM_BCAD"
"53161","R53161","1983","0","0","0","1","8704375","SUCCESSOR_POLYGON_OTHER_ID_COVERS_FOOTPRINT"
"53957","R53957","444","0","0","0","0","","GONE_FROM_BCAD"
"55674","R55674","1677","0","0","0","0","","GONE_FROM_BCAD"
"56302","R56302","252","0","0","0","0","","GONE_FROM_BCAD"
"56649","R56649","348","0","0","0","0","","GONE_FROM_BCAD"
"56752","","252","0","0","0","0","","TXGIO_ROW_WITHOUT_GEO_ID"
"57238","","1164","0","0","0","0","","TXGIO_ROW_WITHOUT_GEO_ID"
"57267","R57267","972","0","0","0","3","8733914|8733912|8733913","SUCCESSOR_POLYGON_OTHER_ID_COVERS_FOOTPRINT"
"57374","","396","0","0","0","0","","TXGIO_ROW_WITHOUT_GEO_ID"
"57434","R57434","348","0","0","0","0","","GONE_FROM_BCAD"
"57763","","444","0","0","0","0","","TXGIO_ROW_WITHOUT_GEO_ID"
"58274","R58274","348","0","0","0","0","","GONE_FROM_BCAD"
"58275","R58275","444","0","0","0","0","","POLYGON_UNDER_OTHER_ID_DOES_NOT_COVER"
"58441","R58441","684","0","0","0","0","","GONE_FROM_BCAD"
"58729","","300","0","0","0","0","","TXGIO_ROW_WITHOUT_GEO_ID"
"58820","R58820","396","0","0","0","0","","GONE_FROM_BCAD"
"58932","R58932","876","0","0","0","0","","GONE_FROM_BCAD"
"59138","","396","0","0","0","0","","TXGIO_ROW_WITHOUT_GEO_ID"
"59521","R59521","396","0","0","0","0","","GONE_FROM_BCAD"
"59522","R59522","348","0","0","0","0","","GONE_FROM_BCAD"
"59538","R59538","588","0","0","0","0","","GONE_FROM_BCAD"
"59559","R59559","300","0","0","0","0","","GONE_FROM_BCAD"
"60724","R60724","300","0","0","0","0","","GONE_FROM_BCAD"
"61140","R61140","300","0","0","0","0","","GONE_FROM_BCAD"
"61275","R61275","396","0","0","0","0","","GONE_FROM_BCAD"
"61596","","300","0","0","0","0","","TXGIO_ROW_WITHOUT_GEO_ID"
"61605","R61605","300","0","0","0","0","","GONE_FROM_BCAD"
"61687","R61687","300","0","0","0","0","","GONE_FROM_BCAD"
"62318","R62318","1068","0","0","0","0","","GONE_FROM_BCAD"
"62462","R62462","636","0","0","0","0","","GONE_FROM_BCAD"
"62717","","396","0","0","0","0","","TXGIO_ROW_WITHOUT_GEO_ID"
"62718","","396","0","0","0","0","","TXGIO_ROW_WITHOUT_GEO_ID"
"63610","R63610","1164","0","0","0","0","","GONE_FROM_BCAD"
"63904","R63904","828","0","0","0","0","","GONE_FROM_BCAD"
"63916","","348","0","0","0","0","","TXGIO_ROW_WITHOUT_GEO_ID"
"64036","R64036","300","0","0","0","0","","GONE_FROM_BCAD"
"64087","","492","0","0","0","0","","TXGIO_ROW_WITHOUT_GEO_ID"
"64339","R64339","444","0","0","0","0","","GONE_FROM_BCAD"
"64343","R64343","348","0","0","0","0","","GONE_FROM_BCAD"
"65868","R65868","780","0","0","0","0","","GONE_FROM_BCAD"
"66289","R66289","300","0","0","0","0","","GONE_FROM_BCAD"
"66337","R66337","348","0","0","0","0","","GONE_FROM_BCAD"
"66579","R66579","690","0","0","0","1","8730812","SUCCESSOR_POLYGON_OTHER_ID_COVERS_FOOTPRINT"
"67085","R67085","588","0","0","0","0","","GONE_FROM_BCAD"
"67174","R67174","540","0","0","0","0","","GONE_FROM_BCAD"
"67175","R67175","588","0","0","0","0","","GONE_FROM_BCAD"
"67182","R67182","300","0","0","0","0","","GONE_FROM_BCAD"
"68192","R68192","492","0","0","0","0","","GONE_FROM_BCAD"
"68718","R68718","252","0","0","0","0","","GONE_FROM_BCAD"
"69953","R69953","972","0","0","0","1","8723149","SUCCESSOR_POLYGON_OTHER_ID_COVERS_FOOTPRINT"
"70060","","492","0","0","0","0","","TXGIO_ROW_WITHOUT_GEO_ID"
"70108","R70108","396","0","0","0","0","","GONE_FROM_BCAD"
"70456","","444","0","0","0","0","","TXGIO_ROW_WITHOUT_GEO_ID"
"71207","R71207","1068","0","0","0","0","","GONE_FROM_BCAD"
"71469","R71469","300","0","0","0","0","","GONE_FROM_BCAD"
"71483","R71483","492","0","0","0","0","","GONE_FROM_BCAD"
"71484","R71484","396","0","0","0","1","8716383","SUCCESSOR_POLYGON_OTHER_ID_COVERS_FOOTPRINT"
"72172","","396","0","0","0","0","","TXGIO_ROW_WITHOUT_GEO_ID"
"72222","R72222","492","0","0","0","0","","GONE_FROM_BCAD"
"72223","R72223","348","0","0","0","0","","GONE_FROM_BCAD"
"72234","R72234","444","0","0","0","0","","GONE_FROM_BCAD"
"72315","R72315","396","0","0","0","3","8737923|8731104|8730442","SUCCESSOR_POLYGON_OTHER_ID_COVERS_FOOTPRINT"
"72810","R72810","1068","0","0","0","0","","GONE_FROM_BCAD"
"72813","","348","0","0","0","0","","TXGIO_ROW_WITHOUT_GEO_ID"
"72834","R72834","444","0","0","0","0","","GONE_FROM_BCAD"
"72908","R72908","396","0","0","0","0","","GONE_FROM_BCAD"
"72934","R72934","444","0","0","0","0","","GONE_FROM_BCAD"
"73515","","492","0","0","0","0","","TXGIO_ROW_WITHOUT_GEO_ID"
"73577","R73577","540","0","0","0","0","","GONE_FROM_BCAD"
"73666","R73666","732","0","0","0","0","","GONE_FROM_BCAD"
"73807","R73807","348","0","0","0","0","","GONE_FROM_BCAD"
"75158","R75158","396","0","0","0","0","","GONE_FROM_BCAD"
"75159","R75159","588","0","0","0","54","8737536|8737527|8737548|8737549|8737528|8737547|8737553|8737533|8737529|8737550|8737534|8737552|8737546|8737535|8737551|8737530|8737545|8737532|8737536|8737531|8737544|8737537|8737543|8737538|8737542|8737539|8737541|8737540|8737498|8737499|8737500|8737501|8737502|8737503|8737504|8737522|8737505|8737521|8737506|8737520|8737523|8737519|8737518|8737507|8737517|8737508|8737516|8737509|8737515|8737510|8737514|8737511|8737513|8737512","SUCCESSOR_POLYGON_OTHER_ID_COVERS_FOOTPRINT"
"75176","R75176","300","0","0","0","0","","GONE_FROM_BCAD"
"75239","R75239","300","0","0","0","0","","GONE_FROM_BCAD"
"75418","R75418","714","0","0","0","0","","GONE_FROM_BCAD"
"75594","","300","0","0","0","0","","TXGIO_ROW_WITHOUT_GEO_ID"
"76358","R76358","348","0","0","0","0","","GONE_FROM_BCAD"
"76361","R76361","300","0","0","0","0","","GONE_FROM_BCAD"
"76423","R76423","683","0","0","0","0","","GONE_FROM_BCAD"
"76475","R76475","1260","0","0","0","0","","GONE_FROM_BCAD"
"76505","R76505","300","0","0","0","1","8715790","SUCCESSOR_POLYGON_OTHER_ID_COVERS_FOOTPRINT"
"76506","R76506","348","0","0","0","0","","GONE_FROM_BCAD"
"76508","R76508","396","0","0","0","0","","GONE_FROM_BCAD"
"76974","R76974","1068","0","0","0","0","","GONE_FROM_BCAD"
"77241","R77241","588","0","0","0","0","","GONE_FROM_BCAD"
"77252","","540","0","0","0","0","","TXGIO_ROW_WITHOUT_GEO_ID"
"77253","R77253","780","0","0","0","0","","GONE_FROM_BCAD"
"77258","R77258","636","0","0","0","0","","GONE_FROM_BCAD"
"77293","","348","0","0","0","0","","TXGIO_ROW_WITHOUT_GEO_ID"
"77757","R77757","828","0","0","0","0","","GONE_FROM_BCAD"
"77806","R77806","300","0","0","0","0","","GONE_FROM_BCAD"
"77850","R77850","300","0","0","0","0","","GONE_FROM_BCAD"
"77887","R77887","444","0","0","0","0","","GONE_FROM_BCAD"
"78211","R78211","348","0","0","0","0","","POLYGON_UNDER_OTHER_ID_DOES_NOT_COVER"
"78344","R78344","492","0","0","0","0","","GONE_FROM_BCAD"
"78480","R78480","396","0","0","0","0","","GONE_FROM_BCAD"
"78716","","300","0","0","0","0","","TXGIO_ROW_WITHOUT_GEO_ID"
"78717","","396","0","0","0","0","","TXGIO_ROW_WITHOUT_GEO_ID"
"79643","","588","0","0","0","0","","TXGIO_ROW_WITHOUT_GEO_ID"
"80053","","444","0","0","0","0","","TXGIO_ROW_WITHOUT_GEO_ID"
"80734","","396","0","0","0","0","","TXGIO_ROW_WITHOUT_GEO_ID"
"81406","","348","0","0","0","0","","TXGIO_ROW_WITHOUT_GEO_ID"
"81686","R81686","636","0","0","0","0","","GONE_FROM_BCAD"
"81770","","684","0","0","0","0","","TXGIO_ROW_WITHOUT_GEO_ID"
"81987","","300","0","0","0","0","","TXGIO_ROW_WITHOUT_GEO_ID"
"82460","","300","0","0","0","0","","TXGIO_ROW_WITHOUT_GEO_ID"
"82512","","300","0","0","0","0","","TXGIO_ROW_WITHOUT_GEO_ID"
"83000","R83000","348","0","0","0","0","","GONE_FROM_BCAD"
"83330","","300","0","0","0","0","","TXGIO_ROW_WITHOUT_GEO_ID"
"83541","","492","0","0","0","0","","TXGIO_ROW_WITHOUT_GEO_ID"
"83580","R83580","876","0","0","0","0","","GONE_FROM_BCAD"
"83672","R83672","492","0","0","0","0","","GONE_FROM_BCAD"
"83691","","348","0","0","0","0","","TXGIO_ROW_WITHOUT_GEO_ID"
"83719","","348","0","0","0","0","","TXGIO_ROW_WITHOUT_GEO_ID"
"83780","","780","0","0","0","0","","TXGIO_ROW_WITHOUT_GEO_ID"
"84173","R84173","348","0","0","0","0","","GONE_FROM_BCAD"
"84174","R84174","444","0","0","0","0","","GONE_FROM_BCAD"
"84235","","396","0","0","0","0","","TXGIO_ROW_WITHOUT_GEO_ID"
"84537","","300","0","0","0","0","","TXGIO_ROW_WITHOUT_GEO_ID"
"84582","","348","0","0","0","0","","TXGIO_ROW_WITHOUT_GEO_ID"
"84682","","300","0","0","0","0","","TXGIO_ROW_WITHOUT_GEO_ID"
"84838","R84838","1068","0","0","0","0","","GONE_FROM_BCAD"
"84887","R84887","348","0","0","0","0","","GONE_FROM_BCAD"
"84889","R84889","300","0","0","0","0","","GONE_FROM_BCAD"
"84893","R84893","492","0","0","0","0","","GONE_FROM_BCAD"
"84964","R84964","780","0","0","0","0","","GONE_FROM_BCAD"
"84980","","300","0","0","0","0","","TXGIO_ROW_WITHOUT_GEO_ID"
"85303","","540","0","0","0","0","","TXGIO_ROW_WITHOUT_GEO_ID"
"85439","","636","0","0","0","0","","TXGIO_ROW_WITHOUT_GEO_ID"
"85440","","300","0","0","0","0","","TXGIO_ROW_WITHOUT_GEO_ID"
"85466","R85466","540","0","0","0","0","","GONE_FROM_BCAD"
"85475","R85475","300","0","0","0","0","","GONE_FROM_BCAD"
"85542","","396","0","0","0","0","","TXGIO_ROW_WITHOUT_GEO_ID"
"8701796","R108536","780","0","0","0","0","","POLYGON_UNDER_OTHER_ID_DOES_NOT_COVER"
"8701848","R13501","300","0","0","0","0","","GONE_FROM_BCAD"
"8701884","R26922","636","0","0","0","0","","GONE_FROM_BCAD"
"8701957","R37225","300","0","0","0","0","","POLYGON_UNDER_OTHER_ID_DOES_NOT_COVER"
"8702399","R34424","396","0","0","0","0","","GONE_FROM_BCAD"
"8702402","R33955","348","0","0","0","0","","GONE_FROM_BCAD"
"8702456","","788","0","0","0","0","","TXGIO_ROW_WITHOUT_GEO_ID"
"8702564","R13118","492","0","0","0","1","13118","SUCCESSOR_POLYGON_OTHER_ID_COVERS_FOOTPRINT"
"8702629","R58477","492","0","0","0","1","8702625","SUCCESSOR_POLYGON_OTHER_ID_COVERS_FOOTPRINT"
"8702719","","348","0","0","0","0","","TXGIO_ROW_WITHOUT_GEO_ID"
"8702747","","780","0","0","0","0","","TXGIO_ROW_WITHOUT_GEO_ID"
"8702760","","300","0","0","0","0","","TXGIO_ROW_WITHOUT_GEO_ID"
"8702916","","924","0","0","0","0","","TXGIO_ROW_WITHOUT_GEO_ID"
"8702920","R17137","396","0","0","0","1","17137","SUCCESSOR_POLYGON_OTHER_ID_COVERS_FOOTPRINT"
"8702922","R44248","348","0","0","0","0","","GONE_FROM_BCAD"
"8702931","R28631","348","0","0","0","1","28631","SUCCESSOR_POLYGON_OTHER_ID_COVERS_FOOTPRINT"
"8702968","R44814","348","0","0","0","0","","GONE_FROM_BCAD"
"8702976","R25261","780","0","0","0","0","","GONE_FROM_BCAD"
"8703353","R85262","540","0","0","0","0","","POLYGON_UNDER_OTHER_ID_DOES_NOT_COVER"
"8704374","R26922","540","0","0","0","0","","GONE_FROM_BCAD"
"8704409","","444","0","0","0","0","","TXGIO_ROW_WITHOUT_GEO_ID"
"8704415","R61509","444","0","0","0","0","","GONE_FROM_BCAD"
"8704430","R24148","348","0","0","0","0","","GONE_FROM_BCAD"
"8704433","R75461","300","0","0","0","0","","GONE_FROM_BCAD"
"8704455","R52354","300","0","0","0","0","","GONE_FROM_BCAD"
"8704504","R10679","300","0","0","0","0","","POLYGON_UNDER_OTHER_ID_DOES_NOT_COVER"
"8704616","R31082","396","0","0","0","0","","GONE_FROM_BCAD"
"8704639","","540","0","0","0","0","","TXGIO_ROW_WITHOUT_GEO_ID"
"8704646","","300","0","0","0","0","","TXGIO_ROW_WITHOUT_GEO_ID"
"8704647","R37600","300","0","0","0","0","","POLYGON_UNDER_OTHER_ID_DOES_NOT_COVER"
"8704891","R26760","444","0","0","0","0","","POLYGON_UNDER_OTHER_ID_DOES_NOT_COVER"
"8704892","R61603","300","0","0","0","0","","GONE_FROM_BCAD"
"8704935","R37041","300","0","0","0","0","","POLYGON_UNDER_OTHER_ID_DOES_NOT_COVER"
"8705029","R28990","444","0","0","0","0","","GONE_FROM_BCAD"
"8705042","R22142","924","0","0","0","0","","GONE_FROM_BCAD"
"8705045","R18078","348","0","0","0","0","","GONE_FROM_BCAD"
"8705153","","540","0","0","0","0","","TXGIO_ROW_WITHOUT_GEO_ID"
"8705250","R27486","658","0","0","0","0","","POLYGON_UNDER_OTHER_ID_DOES_NOT_COVER"
"8705520","R83962","348","0","0","0","0","","GONE_FROM_BCAD"
"8705523","R16015","300","0","0","0","0","","GONE_FROM_BCAD"
"8705544","R42368","348","0","0","0","0","","GONE_FROM_BCAD"
"8705641","R82093","444","0","0","0","0","","GONE_FROM_BCAD"
"8705643","","300","0","0","0","0","","TXGIO_ROW_WITHOUT_GEO_ID"
"8705830","R35152","300","0","0","0","0","","GONE_FROM_BCAD"
"8705833","R48414","924","0","0","0","0","","GONE_FROM_BCAD"
"8705885","R33770","300","0","0","0","0","","POLYGON_UNDER_OTHER_ID_DOES_NOT_COVER"
"8705888","","396","0","0","0","0","","TXGIO_ROW_WITHOUT_GEO_ID"
"8705981","","300","0","0","0","0","","TXGIO_ROW_WITHOUT_GEO_ID"
"8706378","R71310","444","0","0","0","0","","POLYGON_UNDER_OTHER_ID_DOES_NOT_COVER"
"8706400","R94491","348","0","0","0","0","","GONE_FROM_BCAD"
"8706404","R23932","348","0","0","0","0","","GONE_FROM_BCAD"
"8706512","","876","0","0","0","0","","TXGIO_ROW_WITHOUT_GEO_ID"
"8706759","R18573","300","0","0","0","1","18573","SUCCESSOR_POLYGON_OTHER_ID_COVERS_FOOTPRINT"
"8710367","","300","0","0","0","0","","TXGIO_ROW_WITHOUT_GEO_ID"
"8710841","R60011","444","0","0","0","0","","GONE_FROM_BCAD"
"8711126","R32911","300","0","0","0","0","","GONE_FROM_BCAD"
"8711750","","300","0","0","0","0","","TXGIO_ROW_WITHOUT_GEO_ID"
"8711752","","732","0","0","0","0","","TXGIO_ROW_WITHOUT_GEO_ID"
"8711984","R60003","684","0","0","0","1","8725575","SUCCESSOR_POLYGON_OTHER_ID_COVERS_FOOTPRINT"
"8712009","R31057","396","0","0","0","0","","GONE_FROM_BCAD"
"8712010","R31075","396","0","0","0","0","","POLYGON_UNDER_OTHER_ID_DOES_NOT_COVER"
"8712024","","300","0","0","0","0","","TXGIO_ROW_WITHOUT_GEO_ID"
"8712033","R87133","972","0","0","0","0","","GONE_FROM_BCAD"
"8712122","R47340","1068","0","0","0","2","8712123|47340","SUCCESSOR_POLYGON_OTHER_ID_COVERS_FOOTPRINT"
"8712227","R35432","492","0","0","0","1","8712228","SUCCESSOR_POLYGON_OTHER_ID_COVERS_FOOTPRINT"
"8712240","","636","0","0","0","0","","TXGIO_ROW_WITHOUT_GEO_ID"
"8712387","R97831","300","0","0","0","2","8712386|8712388","SUCCESSOR_POLYGON_OTHER_ID_COVERS_FOOTPRINT"
"8712410","","300","0","0","0","0","","TXGIO_ROW_WITHOUT_GEO_ID"
"8712640","","300","0","0","0","0","","TXGIO_ROW_WITHOUT_GEO_ID"
"8712855","R82019","396","0","0","0","0","","GONE_FROM_BCAD"
"8712900","R37600","828","0","0","0","0","","POLYGON_UNDER_OTHER_ID_DOES_NOT_COVER"
"8712901","","588","0","0","0","0","","TXGIO_ROW_WITHOUT_GEO_ID"
"8713015","R94481","348","0","0","0","0","","GONE_FROM_BCAD"
"8713119","R110710","780","0","0","0","1","8713120","SUCCESSOR_POLYGON_OTHER_ID_COVERS_FOOTPRINT"
"8713170","","396","0","0","0","0","","TXGIO_ROW_WITHOUT_GEO_ID"
"8713186","","636","0","0","0","0","","TXGIO_ROW_WITHOUT_GEO_ID"
"87134","","300","0","0","0","0","","TXGIO_ROW_WITHOUT_GEO_ID"
"8713998","R27446","780","0","0","0","2","8718667|8714004","SUCCESSOR_POLYGON_OTHER_ID_COVERS_FOOTPRINT"
"8714135","R33335","300","0","0","0","0","","GONE_FROM_BCAD"
"8714142","R46359","300","0","0","0","0","","GONE_FROM_BCAD"
"8714145","R37553","348","0","0","0","0","","GONE_FROM_BCAD"
"8714147","R37553","444","0","0","0","0","","GONE_FROM_BCAD"
"8714168","","300","0","0","0","0","","TXGIO_ROW_WITHOUT_GEO_ID"
"8714720","R37585","300","0","0","0","0","","GONE_FROM_BCAD"
"8714969","R34815","540","0","0","0","0","","GONE_FROM_BCAD"
"8715090","","300","0","0","0","0","","TXGIO_ROW_WITHOUT_GEO_ID"
"8715093","","300","0","0","0","0","","TXGIO_ROW_WITHOUT_GEO_ID"
"8715153","","636","0","0","0","0","","TXGIO_ROW_WITHOUT_GEO_ID"
"8715163","","300","0","0","0","0","","TXGIO_ROW_WITHOUT_GEO_ID"
"8715206","","300","0","0","0","0","","TXGIO_ROW_WITHOUT_GEO_ID"
"8715219","","444","0","0","0","0","","TXGIO_ROW_WITHOUT_GEO_ID"
"8715267","R53333","684","0","0","0","0","","GONE_FROM_BCAD"
"8715805","R84860","396","0","0","0","0","","GONE_FROM_BCAD"
"8715810","R44611","828","0","0","0","0","","GONE_FROM_BCAD"
"8715860","R69090","1133","0","0","0","0","","GONE_FROM_BCAD"
"8716172","","828","0","0","0","0","","TXGIO_ROW_WITHOUT_GEO_ID"
"8716401","R97831","300","0","0","0","0","","POLYGON_UNDER_OTHER_ID_DOES_NOT_COVER"
"8716487","R73678","636","0","0","0","0","","GONE_FROM_BCAD"
"8716629","","348","0","0","0","0","","TXGIO_ROW_WITHOUT_GEO_ID"
"8716763","","348","0","0","0","0","","TXGIO_ROW_WITHOUT_GEO_ID"
"8716766","R53014","348","0","0","0","1","53014","SUCCESSOR_POLYGON_OTHER_ID_COVERS_FOOTPRINT"
"8716880","R103417","1500","0","0","0","2","103417|8716881","SUCCESSOR_POLYGON_OTHER_ID_COVERS_FOOTPRINT"
"8716882","R87367","780","0","0","0","1","87367","SUCCESSOR_POLYGON_OTHER_ID_COVERS_FOOTPRINT"
"8717858","R16566","252","0","0","0","0","","POLYGON_UNDER_OTHER_ID_DOES_NOT_COVER"
"8717859","R16566","348","0","0","0","0","","POLYGON_UNDER_OTHER_ID_DOES_NOT_COVER"
"8717860","R16566","300","0","0","0","0","","POLYGON_UNDER_OTHER_ID_DOES_NOT_COVER"
"8717861","R16566","300","0","0","0","0","","POLYGON_UNDER_OTHER_ID_DOES_NOT_COVER"
"8717862","R16566","300","0","0","0","0","","POLYGON_UNDER_OTHER_ID_DOES_NOT_COVER"
"8718394","R24286","492","0","0","0","0","","GONE_FROM_BCAD"
"8718471","R13266","540","0","0","0","0","","GONE_FROM_BCAD"
"8718563","","300","0","0","0","0","","TXGIO_ROW_WITHOUT_GEO_ID"
"8719266","R30344","348","0","0","0","0","","GONE_FROM_BCAD"
"8719269","R30352","396","0","0","0","0","","GONE_FROM_BCAD"
"8719271","R30360","300","0","0","0","0","","GONE_FROM_BCAD"
"8719273","R29952","1020","0","0","0","0","","GONE_FROM_BCAD"
"8719275","R29976","300","0","0","0","0","","GONE_FROM_BCAD"
"8719286","R72836","396","0","0","0","0","","GONE_FROM_BCAD"
"8719446","R85467","300","0","0","0","3","8719445|8732016|8719447","SUCCESSOR_POLYGON_OTHER_ID_COVERS_FOOTPRINT"
"8719451","R47340","348","0","0","0","2","8712130|8712128","SUCCESSOR_POLYGON_OTHER_ID_COVERS_FOOTPRINT"
"8719481","R14470","396","0","0","0","0","","GONE_FROM_BCAD"
"8719790","R52781","540","0","0","0","0","","GONE_FROM_BCAD"
"8719819","R61430","568","0","1","0","1","61430","SUCCESSOR_POLYGON_OTHER_ID_COVERS_FOOTPRINT"
"8720135","","444","0","0","0","0","","TXGIO_ROW_WITHOUT_GEO_ID"
"8720191","","300","0","0","0","0","","TXGIO_ROW_WITHOUT_GEO_ID"
"8720373","R13377","300","0","0","0","0","","POLYGON_UNDER_OTHER_ID_DOES_NOT_COVER"
"8720456","R15456","596","0","0","0","0","","GONE_FROM_BCAD"
"8720476","","300","0","0","0","0","","TXGIO_ROW_WITHOUT_GEO_ID"
"8720712","","300","0","0","0","0","","TXGIO_ROW_WITHOUT_GEO_ID"
"8721126","","300","0","0","0","0","","TXGIO_ROW_WITHOUT_GEO_ID"
"8721186","R30464","300","0","0","0","0","","GONE_FROM_BCAD"
"8721188","R82940","396","0","0","0","0","","GONE_FROM_BCAD"
"8721190","R47151","348","0","0","0","0","","GONE_FROM_BCAD"
"8721193","R81944","300","0","0","0","0","","GONE_FROM_BCAD"
"8721349","R27055","876","0","0","0","1","27055","SUCCESSOR_POLYGON_OTHER_ID_COVERS_FOOTPRINT"
"8722003","R79819","348","0","0","0","2","8702325|8702323","SUCCESSOR_POLYGON_OTHER_ID_COVERS_FOOTPRINT"
"8722362","R78222","300","0","0","0","1","8714863","SUCCESSOR_POLYGON_OTHER_ID_COVERS_FOOTPRINT"
"8722424","R105363","732","0","0","0","0","","GONE_FROM_BCAD"
"8722427","R53826","396","0","0","0","0","","GONE_FROM_BCAD"
"8723123","R34016","348","0","0","0","0","","POLYGON_UNDER_OTHER_ID_DOES_NOT_COVER"
"8723150","R73794","1260","0","0","0","1","8730038","SUCCESSOR_POLYGON_OTHER_ID_COVERS_FOOTPRINT"
"8723154","R69953","797","0","0","0","2","8723152|8723149","SUCCESSOR_POLYGON_OTHER_ID_COVERS_FOOTPRINT"
"8723156","R57267","300","0","0","0","0","","POLYGON_UNDER_OTHER_ID_DOES_NOT_COVER"
"8723364","R37600","300","0","0","0","0","","POLYGON_UNDER_OTHER_ID_DOES_NOT_COVER"
"8723427","R110710","1227","0","0","0","0","","POLYGON_UNDER_OTHER_ID_DOES_NOT_COVER"
"8723597","R30910","492","0","0","0","0","","GONE_FROM_BCAD"
"8723600","","348","0","0","0","0","","TXGIO_ROW_WITHOUT_GEO_ID"
"8723696","","636","0","0","0","0","","TXGIO_ROW_WITHOUT_GEO_ID"
"8723798","R24776","396","0","0","0","0","","POLYGON_UNDER_OTHER_ID_DOES_NOT_COVER"
"8723828","R10086","444","0","0","0","6","8725389|8725388|8723965|8725026|8723827|8723829","SUCCESSOR_POLYGON_OTHER_ID_COVERS_FOOTPRINT"
"8723843","R59316","732","0","0","0","0","","GONE_FROM_BCAD"
"8723845","R49665","396","0","0","0","0","","GONE_FROM_BCAD"
"8723848","R32584","300","0","0","0","0","","GONE_FROM_BCAD"
"8723851","R21404","540","0","0","0","0","","GONE_FROM_BCAD"
"8723978","","780","0","0","0","0","","TXGIO_ROW_WITHOUT_GEO_ID"
"8723989","R17899","396","0","0","0","1","17899","SUCCESSOR_POLYGON_OTHER_ID_COVERS_FOOTPRINT"
"8724307","R15615","348","0","0","0","2","8724306|8724308","SUCCESSOR_POLYGON_OTHER_ID_COVERS_FOOTPRINT"
"8724871","R84859","300","0","0","0","0","","GONE_FROM_BCAD"
"8724873","R85347","540","0","0","0","0","","GONE_FROM_BCAD"
"8724876","R31458","300","0","0","0","2","31458|8740322","SUCCESSOR_POLYGON_OTHER_ID_COVERS_FOOTPRINT"
"8724925","","492","0","0","0","0","","TXGIO_ROW_WITHOUT_GEO_ID"
"8724977","","540","0","0","0","0","","TXGIO_ROW_WITHOUT_GEO_ID"
"8725007","","780","0","0","0","0","","TXGIO_ROW_WITHOUT_GEO_ID"
"8725268","","780","0","0","0","0","","TXGIO_ROW_WITHOUT_GEO_ID"
"87253","R87253","300","0","0","0","0","","GONE_FROM_BCAD"
"8725409","R41405","348","0","0","0","0","","GONE_FROM_BCAD"
"8725411","R105368","348","0","0","0","1","8705994","SUCCESSOR_POLYGON_OTHER_ID_COVERS_FOOTPRINT"
"8725420","R33841","300","0","0","0","0","","POLYGON_UNDER_OTHER_ID_DOES_NOT_COVER"
"8725506","R108647","492","0","0","0","1","8725507","SUCCESSOR_POLYGON_OTHER_ID_COVERS_FOOTPRINT"
"8725573","R18653","300","0","0","0","0","","GONE_FROM_BCAD"
"8725710","R62289","348","0","0","0","0","","GONE_FROM_BCAD"
"8725712","R61303","300","0","0","0","0","","POLYGON_UNDER_OTHER_ID_DOES_NOT_COVER"
"8725798","","300","0","0","0","0","","TXGIO_ROW_WITHOUT_GEO_ID"
"8725837","","540","0","0","0","0","","TXGIO_ROW_WITHOUT_GEO_ID"
"8725844","","348","0","0","0","0","","TXGIO_ROW_WITHOUT_GEO_ID"
"8725954","","396","0","0","0","0","","TXGIO_ROW_WITHOUT_GEO_ID"
"8725984","","540","0","0","0","0","","TXGIO_ROW_WITHOUT_GEO_ID"
"8726045","R97831","444","0","0","0","0","","POLYGON_UNDER_OTHER_ID_DOES_NOT_COVER"
"8726047","R25117","348","0","0","0","0","","GONE_FROM_BCAD"
"8726244","R34832","396","0","0","0","0","","POLYGON_UNDER_OTHER_ID_DOES_NOT_COVER"
"8726621","R110087","636","0","0","0","0","","GONE_FROM_BCAD"
"8726735","R66478","396","0","0","0","0","","GONE_FROM_BCAD"
"8726750","R34379","492","0","0","0","0","","GONE_FROM_BCAD"
"8726752","R16126","300","0","0","0","0","","GONE_FROM_BCAD"
"8726754","R33962","348","0","0","0","0","","GONE_FROM_BCAD"
"8726757","R22621","444","0","0","0","0","","GONE_FROM_BCAD"
"8726776","R52811","300","0","0","0","0","","GONE_FROM_BCAD"
"8727630","","300","0","0","0","0","","TXGIO_ROW_WITHOUT_GEO_ID"
"8727862","","396","0","0","0","0","","TXGIO_ROW_WITHOUT_GEO_ID"
"8728306","","300","0","0","0","0","","TXGIO_ROW_WITHOUT_GEO_ID"
"8728395","R14461","396","0","0","0","0","","POLYGON_UNDER_OTHER_ID_DOES_NOT_COVER"
"8728740","R26922","684","0","0","0","0","","GONE_FROM_BCAD"
"8728748","R87367","300","0","0","0","0","","POLYGON_UNDER_OTHER_ID_DOES_NOT_COVER"
"8728807","","492","0","0","0","0","","TXGIO_ROW_WITHOUT_GEO_ID"
"8728839","R37608","634","0","0","0","0","","POLYGON_UNDER_OTHER_ID_DOES_NOT_COVER"
"8729059","R41808","1212","0","0","0","0","","GONE_FROM_BCAD"
"8729076","","876","0","0","0","0","","TXGIO_ROW_WITHOUT_GEO_ID"
"8729077","","492","0","0","0","0","","TXGIO_ROW_WITHOUT_GEO_ID"
"8729105","R18033","348","0","0","0","0","","GONE_FROM_BCAD"
"8729251","","396","0","0","0","0","","TXGIO_ROW_WITHOUT_GEO_ID"
"8729491","","300","0","0","0","0","","TXGIO_ROW_WITHOUT_GEO_ID"
"8729532","","300","0","0","0","0","","TXGIO_ROW_WITHOUT_GEO_ID"
"8729703","","396","0","0","0","0","","TXGIO_ROW_WITHOUT_GEO_ID"
"8729970","R13690","348","0","0","0","0","","GONE_FROM_BCAD"
"8730025","R36735","396","0","0","0","0","","GONE_FROM_BCAD"
"8730026","R36735","588","0","0","0","0","","GONE_FROM_BCAD"
"8730059","R111242","780","0","0","0","0","","GONE_FROM_BCAD"
"8730131","","2202","0","0","0","0","","TXGIO_ROW_WITHOUT_GEO_ID"
"8730476","R24749","540","0","0","0","5","8740401|8740405|8740404|8740402|8720293","SUCCESSOR_POLYGON_OTHER_ID_COVERS_FOOTPRINT"
"8730644","R31818","540","0","0","0","1","8706318","SUCCESSOR_POLYGON_OTHER_ID_COVERS_FOOTPRINT"
"8730767","R20700","252","0","0","0","0","","POLYGON_UNDER_OTHER_ID_DOES_NOT_COVER"
"8730788","","348","0","0","0","0","","TXGIO_ROW_WITHOUT_GEO_ID"
"8730791","","396","0","0","0","0","","TXGIO_ROW_WITHOUT_GEO_ID"
"8730996","R57267","924","0","0","0","0","","POLYGON_UNDER_OTHER_ID_DOES_NOT_COVER"
"8730997","R69953","300","0","0","0","0","","POLYGON_UNDER_OTHER_ID_DOES_NOT_COVER"
"8731157","R111676","444","0","0","0","0","","GONE_FROM_BCAD"
"8731160","R104917","396","0","0","0","1","104917","SUCCESSOR_POLYGON_OTHER_ID_COVERS_FOOTPRINT"
"8731169","R40162","300","0","0","0","0","","GONE_FROM_BCAD"
"8731186","R44775","1164","0","0","0","0","","POLYGON_UNDER_OTHER_ID_DOES_NOT_COVER"
"8731197","","300","0","0","0","0","","TXGIO_ROW_WITHOUT_GEO_ID"
"8731199","R12517","396","0","0","0","3","8713369|12517|8713368","SUCCESSOR_POLYGON_OTHER_ID_COVERS_FOOTPRINT"
"8731202","R49555","732","0","0","0","0","","GONE_FROM_BCAD"
"8731276","R38537","300","0","0","0","0","","POLYGON_UNDER_OTHER_ID_DOES_NOT_COVER"
"8731421","","396","0","0","0","0","","TXGIO_ROW_WITHOUT_GEO_ID"
"8732051","","300","0","0","0","0","","TXGIO_ROW_WITHOUT_GEO_ID"
"8732128","R61179","348","0","0","0","0","","GONE_FROM_BCAD"
"8732410","R81726","636","0","0","0","0","","GONE_FROM_BCAD"
"8732438","R44324","780","0","0","0","0","","GONE_FROM_BCAD"
"8732609","R78827","348","0","0","0","0","","GONE_FROM_BCAD"
"8732822","R16627","300","0","0","0","1","8727157","SUCCESSOR_POLYGON_OTHER_ID_COVERS_FOOTPRINT"
"8732933","R23815","300","0","0","0","0","","GONE_FROM_BCAD"
"8732939","R33230","684","0","0","0","0","","GONE_FROM_BCAD"
"8732942","R11090","540","0","0","0","0","","GONE_FROM_BCAD"
"8732944","R97831","492","0","0","0","2","8720687|8720689","SUCCESSOR_POLYGON_OTHER_ID_COVERS_FOOTPRINT"
"8732948","R90117","348","0","0","0","0","","GONE_FROM_BCAD"
"8732950","R33805","732","0","0","0","1","8715001","SUCCESSOR_POLYGON_OTHER_ID_COVERS_FOOTPRINT"
"8732952","R23445","540","0","0","0","9","8704543|8704544|8704548|8704542|8704541|8704537|8704545|8704538|8704540","SUCCESSOR_POLYGON_OTHER_ID_COVERS_FOOTPRINT"
"8732956","R63914","588","0","0","0","1","63914","SUCCESSOR_POLYGON_OTHER_ID_COVERS_FOOTPRINT"
"8732958","R32959","396","0","0","0","0","","GONE_FROM_BCAD"
"8732962","R23632","492","0","0","0","1","23632","SUCCESSOR_POLYGON_OTHER_ID_COVERS_FOOTPRINT"
"8732965","R15879","396","0","0","0","0","","GONE_FROM_BCAD"
"8732971","R34178","492","0","0","0","0","","GONE_FROM_BCAD"
"8732982","R31952","396","0","0","0","0","","GONE_FROM_BCAD"
"8732987","R37315","588","0","0","0","0","","GONE_FROM_BCAD"
"8733006","R53299","396","0","0","0","0","","GONE_FROM_BCAD"
"8733020","R47108","348","0","0","0","0","","GONE_FROM_BCAD"
"8733030","R84773","780","0","0","0","0","","GONE_FROM_BCAD"
"8733032","R103415","300","0","0","0","0","","POLYGON_UNDER_OTHER_ID_DOES_NOT_COVER"
"8733034","R19676","300","0","0","0","0","","GONE_FROM_BCAD"
"8733052","R26919","540","0","0","0","0","","GONE_FROM_BCAD"
"8733231","R30094","1776","0","0","0","0","","POLYGON_UNDER_OTHER_ID_DOES_NOT_COVER"
"87333185","","396","0","0","0","0","","TXGIO_ROW_WITHOUT_GEO_ID"
"8733502","R37571","588","0","0","0","0","","GONE_FROM_BCAD"
"8733504","R37547","588","0","0","0","0","","GONE_FROM_BCAD"
"8733732","","300","0","0","0","0","","TXGIO_ROW_WITHOUT_GEO_ID"
"8733876","R55024","300","0","0","0","0","","GONE_FROM_BCAD"
"8733880","","636","0","0","0","0","","TXGIO_ROW_WITHOUT_GEO_ID"
"8733887","R23112","396","0","0","0","0","","GONE_FROM_BCAD"
"8733889","R15615","300","0","0","0","0","","POLYGON_UNDER_OTHER_ID_DOES_NOT_COVER"
"8733891","R111682","444","0","0","0","0","","GONE_FROM_BCAD"
"8733907","","300","0","0","0","0","","TXGIO_ROW_WITHOUT_GEO_ID"
"8733911","R57267","444","0","0","0","1","8733914","SUCCESSOR_POLYGON_OTHER_ID_COVERS_FOOTPRINT"
"8733939","R81673","492","0","0","0","0","","GONE_FROM_BCAD"
"8733941","R103415","300","0","0","0","0","","POLYGON_UNDER_OTHER_ID_DOES_NOT_COVER"
"8733944","R78736","300","0","0","0","0","","POLYGON_UNDER_OTHER_ID_DOES_NOT_COVER"
"8733952","R26895","300","0","0","0","0","","POLYGON_UNDER_OTHER_ID_DOES_NOT_COVER"
"8733954","R37176","732","0","0","0","0","","POLYGON_UNDER_OTHER_ID_DOES_NOT_COVER"
"8733955","R14623","444","0","0","0","0","","GONE_FROM_BCAD"
"8733992","R22772","492","0","0","0","0","","GONE_FROM_BCAD"
"8733994","","444","0","0","0","0","","TXGIO_ROW_WITHOUT_GEO_ID"
"8733996","R47641","348","0","0","0","0","","POLYGON_UNDER_OTHER_ID_DOES_NOT_COVER"
"8734000","R17531","300","0","0","0","0","","GONE_FROM_BCAD"
"8734004","R16425","444","0","0","0","0","","GONE_FROM_BCAD"
"8734008","R30127","444","0","0","0","0","","GONE_FROM_BCAD"
"8734011","R60318","732","0","0","0","0","","GONE_FROM_BCAD"
"8734014","R41363","300","0","0","0","0","","GONE_FROM_BCAD"
"8734017","R97831","588","0","0","0","0","","POLYGON_UNDER_OTHER_ID_DOES_NOT_COVER"
"8734019","R13028","300","0","0","0","0","","GONE_FROM_BCAD"
"8734021","R22699","300","0","0","0","0","","POLYGON_UNDER_OTHER_ID_DOES_NOT_COVER"
"8734024","R20481","396","0","0","0","0","","GONE_FROM_BCAD"
"8734027","R110710","636","0","0","0","2","8727929|8727930","SUCCESSOR_POLYGON_OTHER_ID_COVERS_FOOTPRINT"
"8734029","R78736","300","0","0","0","0","","POLYGON_UNDER_OTHER_ID_DOES_NOT_COVER"
"8734102","R24077","300","0","0","0","2","8724487|8724489","SUCCESSOR_POLYGON_OTHER_ID_COVERS_FOOTPRINT"
"8734104","R32420","396","0","0","0","0","","GONE_FROM_BCAD"
"8734109","R30882","396","0","0","0","0","","GONE_FROM_BCAD"
"8734235","R11707","1229","0","0","0","146","8737722|8737714|8737721|8737715|8737720|8737716|8737719|8737717|8737648|8737579|8737592|8737649|8737650|8737651|8737652|8737653|8737665|8737656|8737655|8737657|8737654|8737664|8737663|8737658|8737662|8737659|8737661|8737615|8737718|8737621|8737622|8737623|8737624|8737625|8737631|8737626|8737630|8737627|8737629|8737628|8737632|8737633|8737637|8737634|8737636|8737635|8737638|8737639|8737640|8737641|8737642|8737643|8737644|8737645|8737646|8737660|8737675|8737674|8737596|8737647|8737669|8737668|8737670|8737667|8737671|8737666|8737672|8737677|8737673|8737676|8737678|8737679|8737680|8737684|8737681|8737683|8737685|8737682|8737686|8737687|8737692|8737688|8737691|8737693|8737690|8737689|8737694|8737695|8737699|8737696|8737698|8737697|8737700|8737701|8737702|8737703|8737704|8737705|8737706|8737707|8737708|8737709|8737710|8737713|8737712|8737711|8737605|8737606|8737607|8737608|8737609|8737610|8737611|8737612|8737613|8737614|8737616|8737617|8737618|8737619|8737620|8737598|8737599|8737600|8737604|8737601|8737603|8737577|8737578|8737597|8737580|8737581|8737582|8737583|8737584|8737587|8737586|8737585|8737588|8737590|8737591|8737589|8737593|8737594|8737602|8737595","SUCCESSOR_POLYGON_OTHER_ID_COVERS_FOOTPRINT"
"8734236","R37600","300","0","0","0","0","","POLYGON_UNDER_OTHER_ID_DOES_NOT_COVER"
"8734238","R103415","300","0","0","0","2","8724962|8724964","SUCCESSOR_POLYGON_OTHER_ID_COVERS_FOOTPRINT"
"8734240","R20455","636","0","0","0","1","8730877","SUCCESSOR_POLYGON_OTHER_ID_COVERS_FOOTPRINT"
"8734351","","396","0","0","0","0","","TXGIO_ROW_WITHOUT_GEO_ID"
"8734540","R13846","300","0","0","0","1","13846","SUCCESSOR_POLYGON_OTHER_ID_COVERS_FOOTPRINT"
"8734545","R21338","300","0","0","0","0","","POLYGON_UNDER_OTHER_ID_DOES_NOT_COVER"
"8734557","R84842","540","0","0","0","0","","GONE_FROM_BCAD"
"8734563","","588","0","0","0","0","","TXGIO_ROW_WITHOUT_GEO_ID"
"8734569","R42501","684","0","0","0","0","","POLYGON_UNDER_OTHER_ID_DOES_NOT_COVER"
"8734593","R109133","1131","0","0","0","0","","POLYGON_UNDER_OTHER_ID_DOES_NOT_COVER"
"8734594","R47546","924","0","0","0","1","8731181","SUCCESSOR_POLYGON_OTHER_ID_COVERS_FOOTPRINT"
"8734596","R47546","789","0","0","0","0","","POLYGON_UNDER_OTHER_ID_DOES_NOT_COVER"
"8734597","R47546","1068","0","0","0","0","","POLYGON_UNDER_OTHER_ID_DOES_NOT_COVER"
"8734631","R29545","444","0","0","0","0","","GONE_FROM_BCAD"
"8734638","R35272","732","0","0","0","0","","GONE_FROM_BCAD"
"8734801","R103415","300","0","0","0","2","8724966|8724968","SUCCESSOR_POLYGON_OTHER_ID_COVERS_FOOTPRINT"
"8734803","R25952","492","0","0","0","1","25952","SUCCESSOR_POLYGON_OTHER_ID_COVERS_FOOTPRINT"
"8734808","R10664","348","0","0","0","3","8719963|8719964|8719965","SUCCESSOR_POLYGON_OTHER_ID_COVERS_FOOTPRINT"
"8734820","","871","0","0","0","0","","TXGIO_ROW_WITHOUT_GEO_ID"
"8735066","R10498","252","0","0","0","0","","POLYGON_UNDER_OTHER_ID_DOES_NOT_COVER"
"8735068","","1817","0","0","0","0","","TXGIO_ROW_WITHOUT_GEO_ID"
"8735301","R53886","828","0","0","0","2","8739040|53886","SUCCESSOR_POLYGON_OTHER_ID_COVERS_FOOTPRINT"
"8735641","R30371","348","0","0","0","1","30371","SUCCESSOR_POLYGON_OTHER_ID_COVERS_FOOTPRINT"
"8735710","R21905","300","0","0","0","0","","POLYGON_UNDER_OTHER_ID_DOES_NOT_COVER"
"8736397","R81962","300","0","0","0","0","","GONE_FROM_BCAD"
"8736539","R31783","300","0","0","0","0","","POLYGON_UNDER_OTHER_ID_DOES_NOT_COVER"
"8736559","","348","0","0","0","0","","TXGIO_ROW_WITHOUT_GEO_ID"
"8736569","R47546","1096","0","0","0","0","","POLYGON_UNDER_OTHER_ID_DOES_NOT_COVER"
"8736712","R25052","492","0","0","0","0","","GONE_FROM_BCAD"
"8736832","","300","0","0","0","0","","TXGIO_ROW_WITHOUT_GEO_ID"
"8736979","R105185","300","0","0","0","1","8736964","SUCCESSOR_POLYGON_OTHER_ID_COVERS_FOOTPRINT"
"8737129","R45011","300","0","0","0","0","","GONE_FROM_BCAD"
"87384","R87384","348","0","0","0","0","","GONE_FROM_BCAD"
"87391","","636","0","0","0","0","","TXGIO_ROW_WITHOUT_GEO_ID"
"87463","","300","0","0","0","0","","TXGIO_ROW_WITHOUT_GEO_ID"
"87464","","348","0","0","0","0","","TXGIO_ROW_WITHOUT_GEO_ID"
"8757896","","348","0","0","0","0","","TXGIO_ROW_WITHOUT_GEO_ID"
"87879","R87879","300","0","0","0","0","","GONE_FROM_BCAD"
"88020","R88020","396","0","0","0","0","","GONE_FROM_BCAD"
"88021","R88021","396","0","0","0","0","","GONE_FROM_BCAD"
"88135","","396","0","0","0","0","","TXGIO_ROW_WITHOUT_GEO_ID"
"88136","","396","0","0","0","0","","TXGIO_ROW_WITHOUT_GEO_ID"
"88664","","300","0","0","0","0","","TXGIO_ROW_WITHOUT_GEO_ID"
"89345","R89345","300","0","0","0","0","","GONE_FROM_BCAD"
"89567","","444","0","0","0","0","","TXGIO_ROW_WITHOUT_GEO_ID"
"90089","R90089","636","0","0","0","0","","GONE_FROM_BCAD"
"90196","R90196","300","0","0","0","0","","GONE_FROM_BCAD"
"90369","","300","0","0","0","0","","TXGIO_ROW_WITHOUT_GEO_ID"
"90393","R90393","540","0","0","0","0","","GONE_FROM_BCAD"
"90644","","348","0","0","0","0","","TXGIO_ROW_WITHOUT_GEO_ID"
"90767","R90767","732","0","0","0","0","","GONE_FROM_BCAD"
"91366","R91366","492","0","0","0","0","","GONE_FROM_BCAD"
"92286","R92286","732","0","0","0","0","","GONE_FROM_BCAD"
"92322","R92322","396","0","0","0","0","","GONE_FROM_BCAD"
"92421","","444","0","0","0","0","","TXGIO_ROW_WITHOUT_GEO_ID"
"92672","","348","0","0","0","0","","TXGIO_ROW_WITHOUT_GEO_ID"
"92744","R92744","300","0","0","0","0","","GONE_FROM_BCAD"
"92842","R92842","396","0","0","0","0","","GONE_FROM_BCAD"
"92927","","300","0","0","0","0","","TXGIO_ROW_WITHOUT_GEO_ID"
"92953","","300","0","0","0","0","","TXGIO_ROW_WITHOUT_GEO_ID"
"93010","R93010","396","0","0","0","0","","GONE_FROM_BCAD"
"93012","R93012","924","0","0","0","0","","GONE_FROM_BCAD"
"93226","","300","0","0","0","0","","TXGIO_ROW_WITHOUT_GEO_ID"
"93239","R93239","780","0","0","0","0","","GONE_FROM_BCAD"
"93289","R93289","924","0","0","0","0","","GONE_FROM_BCAD"
"94619","R94619","828","0","0","0","0","","GONE_FROM_BCAD"
"94626","R94626","300","0","0","0","0","","GONE_FROM_BCAD"
"94695","R94695","348","0","0","0","0","","GONE_FROM_BCAD"
"94699","R94699","348","0","0","0","0","","GONE_FROM_BCAD"
"95181","R95181","396","0","0","0","0","","GONE_FROM_BCAD"
"95190","R95190","348","0","0","0","0","","GONE_FROM_BCAD"
"95358","R95358","348","0","0","0","0","","GONE_FROM_BCAD"
"95359","R95359","300","0","0","0","0","","GONE_FROM_BCAD"
"95360","R95360","300","0","0","0","0","","GONE_FROM_BCAD"
"96835","R96835","732","0","0","0","0","","GONE_FROM_BCAD"
"9729406","","348","0","0","0","0","","TXGIO_ROW_WITHOUT_GEO_ID"
"9729408","","300","0","0","0","0","","TXGIO_ROW_WITHOUT_GEO_ID"
"9729583","","300","0","0","0","0","","TXGIO_ROW_WITHOUT_GEO_ID"
"97760","","732","0","0","0","0","","TXGIO_ROW_WITHOUT_GEO_ID"
"98887","","972","0","0","0","0","","TXGIO_ROW_WITHOUT_GEO_ID"
"98936","","300","0","0","0","0","","TXGIO_ROW_WITHOUT_GEO_ID"
"99604","R99604","540","0","0","0","0","","GONE_FROM_BCAD"
"99614","R99614","780","0","0","0","0","","GONE_FROM_BCAD"
"99615","R99615","830","0","0","0","0","","GONE_FROM_BCAD"
