county_fips,rail_key,verdict,unaccounted_count,evaluated_at,run_id
48021,acreageAcres,pass,0,2026-09-16 21:03:15.984+00,587080ac-c454-4e4b-8262-63d81c8737e1
48021,acreageMethod,pass,0,2026-09-16 21:03:20.258+00,587080ac-c454-4e4b-8262-63d81c8737e1
48021,acreageSqft,excluded,0,2026-09-16 21:03:18.391+00,587080ac-c454-4e4b-8262-63d81c8737e1
48021,agValuation,excluded,0,2026-09-16 21:04:48.905+00,587080ac-c454-4e4b-8262-63d81c8737e1
48021,apn,pass,0,2026-09-16 21:02:45.597+00,587080ac-c454-4e4b-8262-63d81c8737e1
48021,assessedValue,pass,0,2026-09-16 21:03:25.739+00,587080ac-c454-4e4b-8262-63d81c8737e1
48021,buildableAreaPct,excluded,0,2026-09-16 21:04:04.415+00,587080ac-c454-4e4b-8262-63d81c8737e1
48021,buildableAreaSqFt,excluded,0,2026-09-16 21:04:02.622+00,587080ac-c454-4e4b-8262-63d81c8737e1
48021,buildingFootprint,pass,0,2026-09-16 21:04:30.944+00,587080ac-c454-4e4b-8262-63d81c8737e1
48021,citationUrl,excluded,0,2026-09-16 21:04:12.1+00,587080ac-c454-4e4b-8262-63d81c8737e1
48021,cityLimits,pass,0,2026-09-16 21:03:38.759+00,587080ac-c454-4e4b-8262-63d81c8737e1
48021,countyFips,pass,0,2026-09-16 21:03:37.232+00,587080ac-c454-4e4b-8262-63d81c8737e1
48021,easements,excluded,0,2026-09-16 21:04:29.104+00,587080ac-c454-4e4b-8262-63d81c8737e1
48021,edgeSignal,excluded,0,2026-09-16 21:04:15.665+00,587080ac-c454-4e4b-8262-63d81c8737e1
48021,envelopeDisclosure,excluded,0,2026-09-16 21:04:13.906+00,587080ac-c454-4e4b-8262-63d81c8737e1
48021,envelopeStatus,excluded,0,2026-09-16 21:03:50.958+00,587080ac-c454-4e4b-8262-63d81c8737e1
48021,etjStatus,excluded,0,2026-09-16 21:03:41.215+00,587080ac-c454-4e4b-8262-63d81c8737e1
48021,exemptionCodes,pass,0,2026-09-16 21:03:35.347+00,587080ac-c454-4e4b-8262-63d81c8737e1
48021,flood,pass,0,2026-09-16 21:04:35.046+00,587080ac-c454-4e4b-8262-63d81c8737e1
48021,hoaDeedRestrictions,excluded,0,2026-09-16 21:04:52.736+00,587080ac-c454-4e4b-8262-63d81c8737e1
48021,improvementValue,pass,0,2026-09-16 21:03:29.734+00,587080ac-c454-4e4b-8262-63d81c8737e1
48021,landUseCode,pass,0,2026-09-16 21:03:06.503+00,587080ac-c454-4e4b-8262-63d81c8737e1
48021,landUseDescription,excluded,0,2026-09-16 21:03:09.562+00,587080ac-c454-4e4b-8262-63d81c8737e1
48021,landUseSource,refuse,21398,2026-09-16 21:03:12.036+00,587080ac-c454-4e4b-8262-63d81c8737e1
48021,landUseVintage,excluded,0,2026-09-16 21:03:14.291+00,587080ac-c454-4e4b-8262-63d81c8737e1
48021,landValue,pass,0,2026-09-16 21:03:28.143+00,587080ac-c454-4e4b-8262-63d81c8737e1
48021,legalDescription,pass,0,2026-09-16 21:03:33.116+00,587080ac-c454-4e4b-8262-63d81c8737e1
48021,livingAreaSqft,pass,0,2026-09-16 21:03:31.468+00,587080ac-c454-4e4b-8262-63d81c8737e1
48021,marketValue,pass,0,2026-09-16 21:03:23.807+00,587080ac-c454-4e4b-8262-63d81c8737e1
48021,maxFootprintSqFt,pass,0,2026-09-16 21:04:10.226+00,587080ac-c454-4e4b-8262-63d81c8737e1
48021,maxHeightFt,pass,0,2026-09-16 21:04:07.845+00,587080ac-c454-4e4b-8262-63d81c8737e1
48021,maxImperviousCoverPct,excluded,0,2026-09-16 21:04:17.542+00,587080ac-c454-4e4b-8262-63d81c8737e1
48021,maxLotCoveragePct,pass,0,2026-09-16 21:04:06.137+00,587080ac-c454-4e4b-8262-63d81c8737e1
48021,mineralRights,excluded,0,2026-09-16 21:04:50.76+00,587080ac-c454-4e4b-8262-63d81c8737e1
48021,ossf,excluded,0,2026-09-16 21:04:45.24+00,587080ac-c454-4e4b-8262-63d81c8737e1
48021,overlayDistricts,pass,0,2026-09-16 21:04:54.463+00,587080ac-c454-4e4b-8262-63d81c8737e1
48021,owner,pass,0,2026-09-16 21:04:37.314+00,587080ac-c454-4e4b-8262-63d81c8737e1
48021,parcelAreaSqFt,pass,0,2026-09-16 21:04:00.817+00,587080ac-c454-4e4b-8262-63d81c8737e1
48021,parcelGeometry,excluded,0,2026-09-16 21:04:56.917+00,587080ac-c454-4e4b-8262-63d81c8737e1
48021,permits,excluded,0,2026-09-16 21:04:26.567+00,587080ac-c454-4e4b-8262-63d81c8737e1
48021,pipelines,excluded,0,2026-09-16 21:04:24.69+00,587080ac-c454-4e4b-8262-63d81c8737e1
48021,publicRecordRefs,excluded,0,2026-09-16 21:04:43.358+00,587080ac-c454-4e4b-8262-63d81c8737e1
48021,railCorridor,excluded,0,2026-09-16 21:05:02.519+00,587080ac-c454-4e4b-8262-63d81c8737e1
48021,roads,excluded,0,2026-09-16 21:04:58.8+00,587080ac-c454-4e4b-8262-63d81c8737e1
48021,salesHistory,excluded,0,2026-09-16 21:04:41.388+00,587080ac-c454-4e4b-8262-63d81c8737e1
48021,schoolDistrict,pass,0,2026-09-16 21:03:43.128+00,587080ac-c454-4e4b-8262-63d81c8737e1
48021,setbackCornerFt,pass,0,2026-09-16 21:03:58.855+00,587080ac-c454-4e4b-8262-63d81c8737e1
48021,setbackFrontFt,pass,0,2026-09-16 21:03:52.781+00,587080ac-c454-4e4b-8262-63d81c8737e1
48021,setbackRearFt,pass,0,2026-09-16 21:03:56.966+00,587080ac-c454-4e4b-8262-63d81c8737e1
48021,setbackRules,pass,0,2026-09-16 21:04:21.16+00,587080ac-c454-4e4b-8262-63d81c8737e1
48021,setbackSideFt,pass,0,2026-09-16 21:03:55.084+00,587080ac-c454-4e4b-8262-63d81c8737e1
48021,situsAddress,pass,0,2026-09-16 21:02:49.33+00,587080ac-c454-4e4b-8262-63d81c8737e1
48021,situsCity,pass,0,2026-09-16 21:02:51.407+00,587080ac-c454-4e4b-8262-63d81c8737e1
48021,situsState,excluded,0,2026-09-16 21:03:02.785+00,587080ac-c454-4e4b-8262-63d81c8737e1
48021,situsZip,pass,0,2026-09-16 21:03:04.69+00,587080ac-c454-4e4b-8262-63d81c8737e1
48021,specialDistricts,pass,0,2026-09-16 21:04:32.655+00,587080ac-c454-4e4b-8262-63d81c8737e1
48021,terrain,excluded,0,2026-09-16 21:05:00.606+00,587080ac-c454-4e4b-8262-63d81c8737e1
48021,treeProtection,excluded,0,2026-09-16 21:04:19.369+00,587080ac-c454-4e4b-8262-63d81c8737e1
48021,utilityService,pass,0,2026-09-16 21:04:47.074+00,587080ac-c454-4e4b-8262-63d81c8737e1
48021,valueHistory,pass,0,2026-09-16 21:04:39.232+00,587080ac-c454-4e4b-8262-63d81c8737e1
48021,wells,pass,0,2026-09-16 21:04:22.941+00,587080ac-c454-4e4b-8262-63d81c8737e1
48021,yearBuilt,pass,0,2026-09-16 21:03:21.993+00,587080ac-c454-4e4b-8262-63d81c8737e1
48021,zoningDistrict,pass,0,2026-09-16 21:03:45.6+00,587080ac-c454-4e4b-8262-63d81c8737e1
48021,zoningJurisdictionKey,pass,0,2026-09-16 21:03:47.344+00,587080ac-c454-4e4b-8262-63d81c8737e1
48021,zoningProvenance,pass,0,2026-09-16 21:03:49.162+00,587080ac-c454-4e4b-8262-63d81c8737e1
48055,acreageAcres,pass,0,2026-09-16 21:05:24.599+00,587080ac-c454-4e4b-8262-63d81c8737e1
48055,acreageMethod,refuse,2274,2026-09-16 21:05:26.237+00,587080ac-c454-4e4b-8262-63d81c8737e1
48055,acreageSqft,excluded,0,2026-09-16 21:05:25.391+00,587080ac-c454-4e4b-8262-63d81c8737e1
48055,agValuation,excluded,0,2026-09-16 21:06:06.28+00,587080ac-c454-4e4b-8262-63d81c8737e1
48055,apn,pass,0,2026-09-16 21:05:17.147+00,587080ac-c454-4e4b-8262-63d81c8737e1
48055,assessedValue,pass,0,2026-09-16 21:05:28.72+00,587080ac-c454-4e4b-8262-63d81c8737e1
48055,buildableAreaPct,excluded,0,2026-09-16 21:05:46.369+00,587080ac-c454-4e4b-8262-63d81c8737e1
48055,buildableAreaSqFt,excluded,0,2026-09-16 21:05:45.56+00,587080ac-c454-4e4b-8262-63d81c8737e1
48055,buildingFootprint,pass,0,2026-09-16 21:05:58.601+00,587080ac-c454-4e4b-8262-63d81c8737e1
48055,citationUrl,excluded,0,2026-09-16 21:05:50.28+00,587080ac-c454-4e4b-8262-63d81c8737e1
48055,cityLimits,pass,0,2026-09-16 21:05:35.228+00,587080ac-c454-4e4b-8262-63d81c8737e1
48055,countyFips,pass,0,2026-09-16 21:05:33.66+00,587080ac-c454-4e4b-8262-63d81c8737e1
48055,easements,excluded,0,2026-09-16 21:05:57.861+00,587080ac-c454-4e4b-8262-63d81c8737e1
48055,edgeSignal,excluded,0,2026-09-16 21:05:51.954+00,587080ac-c454-4e4b-8262-63d81c8737e1
48055,envelopeDisclosure,excluded,0,2026-09-16 21:05:51.119+00,587080ac-c454-4e4b-8262-63d81c8737e1
48055,envelopeStatus,excluded,0,2026-09-16 21:05:40.588+00,587080ac-c454-4e4b-8262-63d81c8737e1
48055,etjStatus,excluded,0,2026-09-16 21:05:36.294+00,587080ac-c454-4e4b-8262-63d81c8737e1
48055,exemptionCodes,refuse,8958,2026-09-16 21:05:32.83+00,587080ac-c454-4e4b-8262-63d81c8737e1
48055,flood,pass,0,2026-09-16 21:06:00.731+00,587080ac-c454-4e4b-8262-63d81c8737e1
48055,hoaDeedRestrictions,excluded,0,2026-09-16 21:06:07.882+00,587080ac-c454-4e4b-8262-63d81c8737e1
48055,improvementValue,pass,0,2026-09-16 21:05:30.314+00,587080ac-c454-4e4b-8262-63d81c8737e1
48055,landUseCode,pass,0,2026-09-16 21:05:21.307+00,587080ac-c454-4e4b-8262-63d81c8737e1
48055,landUseDescription,excluded,0,2026-09-16 21:05:22.087+00,587080ac-c454-4e4b-8262-63d81c8737e1
48055,landUseSource,refuse,196,2026-09-16 21:05:22.932+00,587080ac-c454-4e4b-8262-63d81c8737e1
48055,landUseVintage,excluded,0,2026-09-16 21:05:23.775+00,587080ac-c454-4e4b-8262-63d81c8737e1
48055,landValue,pass,0,2026-09-16 21:05:29.509+00,587080ac-c454-4e4b-8262-63d81c8737e1
48055,legalDescription,pass,0,2026-09-16 21:05:32.028+00,587080ac-c454-4e4b-8262-63d81c8737e1
48055,livingAreaSqft,pass,0,2026-09-16 21:05:31.188+00,587080ac-c454-4e4b-8262-63d81c8737e1
48055,marketValue,pass,0,2026-09-16 21:05:27.87+00,587080ac-c454-4e4b-8262-63d81c8737e1
48055,maxFootprintSqFt,pass,0,2026-09-16 21:05:49.404+00,587080ac-c454-4e4b-8262-63d81c8737e1
48055,maxHeightFt,pass,0,2026-09-16 21:05:48.61+00,587080ac-c454-4e4b-8262-63d81c8737e1
48055,maxImperviousCoverPct,excluded,0,2026-09-16 21:05:52.827+00,587080ac-c454-4e4b-8262-63d81c8737e1
48055,maxLotCoveragePct,pass,0,2026-09-16 21:05:47.404+00,587080ac-c454-4e4b-8262-63d81c8737e1
48055,mineralRights,excluded,0,2026-09-16 21:06:07.057+00,587080ac-c454-4e4b-8262-63d81c8737e1
48055,ossf,excluded,0,2026-09-16 21:06:04.554+00,587080ac-c454-4e4b-8262-63d81c8737e1
48055,overlayDistricts,pass,0,2026-09-16 21:06:08.641+00,587080ac-c454-4e4b-8262-63d81c8737e1
48055,owner,pass,0,2026-09-16 21:06:01.406+00,587080ac-c454-4e4b-8262-63d81c8737e1
48055,parcelAreaSqFt,pass,0,2026-09-16 21:05:44.74+00,587080ac-c454-4e4b-8262-63d81c8737e1
48055,parcelGeometry,excluded,0,2026-09-16 21:06:09.359+00,587080ac-c454-4e4b-8262-63d81c8737e1
48055,permits,excluded,0,2026-09-16 21:05:56.994+00,587080ac-c454-4e4b-8262-63d81c8737e1
48055,pipelines,excluded,0,2026-09-16 21:05:56.209+00,587080ac-c454-4e4b-8262-63d81c8737e1
48055,publicRecordRefs,excluded,0,2026-09-16 21:06:03.799+00,587080ac-c454-4e4b-8262-63d81c8737e1
48055,railCorridor,excluded,0,2026-09-16 21:06:11.963+00,587080ac-c454-4e4b-8262-63d81c8737e1
48055,roads,excluded,0,2026-09-16 21:06:10.232+00,587080ac-c454-4e4b-8262-63d81c8737e1
48055,salesHistory,excluded,0,2026-09-16 21:06:03.012+00,587080ac-c454-4e4b-8262-63d81c8737e1
48055,schoolDistrict,pass,0,2026-09-16 21:05:37.179+00,587080ac-c454-4e4b-8262-63d81c8737e1
48055,setbackCornerFt,pass,0,2026-09-16 21:05:43.888+00,587080ac-c454-4e4b-8262-63d81c8737e1
48055,setbackFrontFt,pass,0,2026-09-16 21:05:41.414+00,587080ac-c454-4e4b-8262-63d81c8737e1
48055,setbackRearFt,pass,0,2026-09-16 21:05:43.084+00,587080ac-c454-4e4b-8262-63d81c8737e1
48055,setbackRules,pass,0,2026-09-16 21:05:54.603+00,587080ac-c454-4e4b-8262-63d81c8737e1
48055,setbackSideFt,pass,0,2026-09-16 21:05:42.288+00,587080ac-c454-4e4b-8262-63d81c8737e1
48055,situsAddress,pass,0,2026-09-16 21:05:17.948+00,587080ac-c454-4e4b-8262-63d81c8737e1
48055,situsCity,pass,0,2026-09-16 21:05:18.839+00,587080ac-c454-4e4b-8262-63d81c8737e1
48055,situsState,excluded,0,2026-09-16 21:05:19.653+00,587080ac-c454-4e4b-8262-63d81c8737e1
48055,situsZip,pass,0,2026-09-16 21:05:20.465+00,587080ac-c454-4e4b-8262-63d81c8737e1
48055,specialDistricts,pass,0,2026-09-16 21:05:59.249+00,587080ac-c454-4e4b-8262-63d81c8737e1
48055,terrain,excluded,0,2026-09-16 21:06:11.112+00,587080ac-c454-4e4b-8262-63d81c8737e1
48055,treeProtection,excluded,0,2026-09-16 21:05:53.728+00,587080ac-c454-4e4b-8262-63d81c8737e1
48055,utilityService,pass,0,2026-09-16 21:06:05.267+00,587080ac-c454-4e4b-8262-63d81c8737e1
48055,valueHistory,pass,0,2026-09-16 21:06:02.128+00,587080ac-c454-4e4b-8262-63d81c8737e1
48055,wells,pass,0,2026-09-16 21:05:55.397+00,587080ac-c454-4e4b-8262-63d81c8737e1
48055,yearBuilt,pass,0,2026-09-16 21:05:27.078+00,587080ac-c454-4e4b-8262-63d81c8737e1
48055,zoningDistrict,pass,0,2026-09-16 21:05:38.187+00,587080ac-c454-4e4b-8262-63d81c8737e1
48055,zoningJurisdictionKey,pass,0,2026-09-16 21:05:38.952+00,587080ac-c454-4e4b-8262-63d81c8737e1
48055,zoningProvenance,pass,0,2026-09-16 21:05:39.775+00,587080ac-c454-4e4b-8262-63d81c8737e1
48113,flood,refuse,0,2026-09-14 16:57:42.048+00,9cb10162-7bc7-4ad5-b3ff-10ed8e31cf52
48209,acreageAcres,pass,0,2026-09-16 21:29:27.188+00,587080ac-c454-4e4b-8262-63d81c8737e1
48209,acreageMethod,refuse,433,2026-09-16 21:34:14.692+00,587080ac-c454-4e4b-8262-63d81c8737e1
48209,acreageSqft,pass,0,2026-09-16 21:31:53.929+00,587080ac-c454-4e4b-8262-63d81c8737e1
48209,agValuation,excluded,0,2026-09-16 21:39:18.429+00,587080ac-c454-4e4b-8262-63d81c8737e1
48209,apn,pass,0,2026-09-16 21:08:15.308+00,587080ac-c454-4e4b-8262-63d81c8737e1
48209,assessedValue,pass,0,2026-09-16 21:37:03.09+00,587080ac-c454-4e4b-8262-63d81c8737e1
48209,buildableAreaPct,excluded,0,2026-09-16 21:38:10.754+00,587080ac-c454-4e4b-8262-63d81c8737e1
48209,buildableAreaSqFt,excluded,0,2026-09-16 21:38:07.784+00,587080ac-c454-4e4b-8262-63d81c8737e1
48209,buildingFootprint,pass,0,2026-09-16 21:38:53.008+00,587080ac-c454-4e4b-8262-63d81c8737e1
48209,citationUrl,excluded,0,2026-09-16 21:38:22.782+00,587080ac-c454-4e4b-8262-63d81c8737e1
48209,cityLimits,pass,0,2026-09-16 21:37:31.369+00,587080ac-c454-4e4b-8262-63d81c8737e1
48209,countyFips,pass,0,2026-09-16 21:37:27.149+00,587080ac-c454-4e4b-8262-63d81c8737e1
48209,easements,excluded,0,2026-09-16 21:38:50.328+00,587080ac-c454-4e4b-8262-63d81c8737e1
48209,edgeSignal,excluded,0,2026-09-16 21:38:28.915+00,587080ac-c454-4e4b-8262-63d81c8737e1
48209,envelopeDisclosure,excluded,0,2026-09-16 21:38:26.057+00,587080ac-c454-4e4b-8262-63d81c8737e1
48209,envelopeStatus,excluded,0,2026-09-16 21:37:48.574+00,587080ac-c454-4e4b-8262-63d81c8737e1
48209,etjStatus,excluded,0,2026-09-16 21:37:34.25+00,587080ac-c454-4e4b-8262-63d81c8737e1
48209,exemptionCodes,pass,0,2026-09-16 21:37:23.291+00,587080ac-c454-4e4b-8262-63d81c8737e1
48209,flood,pass,0,2026-09-16 21:38:58.343+00,587080ac-c454-4e4b-8262-63d81c8737e1
48209,hoaDeedRestrictions,excluded,0,2026-09-16 21:39:24.279+00,587080ac-c454-4e4b-8262-63d81c8737e1
48209,improvementValue,pass,0,2026-09-16 21:37:10.995+00,587080ac-c454-4e4b-8262-63d81c8737e1
48209,landUseCode,pass,0,2026-09-16 21:20:14.096+00,587080ac-c454-4e4b-8262-63d81c8737e1
48209,landUseDescription,excluded,0,2026-09-16 21:22:25.124+00,587080ac-c454-4e4b-8262-63d81c8737e1
48209,landUseSource,refuse,636,2026-09-16 21:24:43.498+00,587080ac-c454-4e4b-8262-63d81c8737e1
48209,landUseVintage,pass,0,2026-09-16 21:27:05.697+00,587080ac-c454-4e4b-8262-63d81c8737e1
48209,landValue,pass,0,2026-09-16 21:37:07.068+00,587080ac-c454-4e4b-8262-63d81c8737e1
48209,legalDescription,pass,0,2026-09-16 21:37:18.791+00,587080ac-c454-4e4b-8262-63d81c8737e1
48209,livingAreaSqft,pass,0,2026-09-16 21:37:14.855+00,587080ac-c454-4e4b-8262-63d81c8737e1
48209,marketValue,pass,0,2026-09-16 21:36:59.26+00,587080ac-c454-4e4b-8262-63d81c8737e1
48209,maxFootprintSqFt,refuse,27949,2026-09-16 21:38:19.94+00,587080ac-c454-4e4b-8262-63d81c8737e1
48209,maxHeightFt,refuse,27949,2026-09-16 21:38:16.913+00,587080ac-c454-4e4b-8262-63d81c8737e1
48209,maxImperviousCoverPct,excluded,0,2026-09-16 21:38:31.596+00,587080ac-c454-4e4b-8262-63d81c8737e1
48209,maxLotCoveragePct,refuse,27949,2026-09-16 21:38:13.803+00,587080ac-c454-4e4b-8262-63d81c8737e1
48209,mineralRights,excluded,0,2026-09-16 21:39:21.4+00,587080ac-c454-4e4b-8262-63d81c8737e1
48209,ossf,excluded,0,2026-09-16 21:39:13.071+00,587080ac-c454-4e4b-8262-63d81c8737e1
48209,overlayDistricts,pass,0,2026-09-16 21:39:27.652+00,587080ac-c454-4e4b-8262-63d81c8737e1
48209,owner,pass,0,2026-09-16 21:39:01.036+00,587080ac-c454-4e4b-8262-63d81c8737e1
48209,parcelAreaSqFt,refuse,27949,2026-09-16 21:38:04.139+00,587080ac-c454-4e4b-8262-63d81c8737e1
48209,parcelGeometry,excluded,0,2026-09-16 21:39:30.538+00,587080ac-c454-4e4b-8262-63d81c8737e1
48209,permits,excluded,0,2026-09-16 21:38:47.479+00,587080ac-c454-4e4b-8262-63d81c8737e1
48209,pipelines,excluded,0,2026-09-16 21:38:44.132+00,587080ac-c454-4e4b-8262-63d81c8737e1
48209,publicRecordRefs,excluded,0,2026-09-16 21:39:09.632+00,587080ac-c454-4e4b-8262-63d81c8737e1
48209,railCorridor,excluded,0,2026-09-16 21:39:39.06+00,587080ac-c454-4e4b-8262-63d81c8737e1
48209,roads,excluded,0,2026-09-16 21:39:33.314+00,587080ac-c454-4e4b-8262-63d81c8737e1
48209,salesHistory,excluded,0,2026-09-16 21:39:06.649+00,587080ac-c454-4e4b-8262-63d81c8737e1
48209,schoolDistrict,pass,0,2026-09-16 21:37:36.779+00,587080ac-c454-4e4b-8262-63d81c8737e1
48209,setbackCornerFt,pass,0,2026-09-16 21:38:01.159+00,587080ac-c454-4e4b-8262-63d81c8737e1
48209,setbackFrontFt,pass,0,2026-09-16 21:37:51.541+00,587080ac-c454-4e4b-8262-63d81c8737e1
48209,setbackRearFt,pass,0,2026-09-16 21:37:57.965+00,587080ac-c454-4e4b-8262-63d81c8737e1
48209,setbackRules,pass,0,2026-09-16 21:38:37.735+00,587080ac-c454-4e4b-8262-63d81c8737e1
48209,setbackSideFt,pass,0,2026-09-16 21:37:54.589+00,587080ac-c454-4e4b-8262-63d81c8737e1
48209,situsAddress,pass,0,2026-09-16 21:10:37.77+00,587080ac-c454-4e4b-8262-63d81c8737e1
48209,situsCity,pass,0,2026-09-16 21:13:03.389+00,587080ac-c454-4e4b-8262-63d81c8737e1
48209,situsState,pass,0,2026-09-16 21:15:25.623+00,587080ac-c454-4e4b-8262-63d81c8737e1
48209,situsZip,pass,0,2026-09-16 21:17:52.311+00,587080ac-c454-4e4b-8262-63d81c8737e1
48209,specialDistricts,pass,0,2026-09-16 21:38:55.577+00,587080ac-c454-4e4b-8262-63d81c8737e1
48209,terrain,excluded,0,2026-09-16 21:39:36.189+00,587080ac-c454-4e4b-8262-63d81c8737e1
48209,treeProtection,excluded,0,2026-09-16 21:38:34.44+00,587080ac-c454-4e4b-8262-63d81c8737e1
48209,utilityService,pass,0,2026-09-16 21:39:15.532+00,587080ac-c454-4e4b-8262-63d81c8737e1
48209,valueHistory,pass,0,2026-09-16 21:39:03.94+00,587080ac-c454-4e4b-8262-63d81c8737e1
48209,wells,pass,0,2026-09-16 21:38:41.165+00,587080ac-c454-4e4b-8262-63d81c8737e1
48209,yearBuilt,pass,0,2026-09-16 21:36:34.615+00,587080ac-c454-4e4b-8262-63d81c8737e1
48209,zoningDistrict,pass,0,2026-09-16 21:37:39.831+00,587080ac-c454-4e4b-8262-63d81c8737e1
48209,zoningJurisdictionKey,pass,0,2026-09-16 21:37:43.107+00,587080ac-c454-4e4b-8262-63d81c8737e1
48209,zoningProvenance,pass,0,2026-09-16 21:37:45.798+00,587080ac-c454-4e4b-8262-63d81c8737e1
48309,acreageAcres,pass,0,2026-09-16 21:41:05.781+00,587080ac-c454-4e4b-8262-63d81c8737e1
48309,acreageMethod,excluded,0,2026-09-16 21:41:11.938+00,587080ac-c454-4e4b-8262-63d81c8737e1
48309,acreageSqft,excluded,0,2026-09-16 21:41:09.047+00,587080ac-c454-4e4b-8262-63d81c8737e1
48309,agValuation,excluded,0,2026-09-16 21:43:21.734+00,587080ac-c454-4e4b-8262-63d81c8737e1
48309,apn,pass,0,2026-09-16 21:40:39.757+00,587080ac-c454-4e4b-8262-63d81c8737e1
48309,assessedValue,pass,0,2026-09-16 21:41:21.27+00,587080ac-c454-4e4b-8262-63d81c8737e1
48309,buildableAreaPct,excluded,0,2026-09-16 21:42:18.036+00,587080ac-c454-4e4b-8262-63d81c8737e1
48309,buildableAreaSqFt,excluded,0,2026-09-16 21:42:15.236+00,587080ac-c454-4e4b-8262-63d81c8737e1
48309,buildingFootprint,pass,0,2026-09-16 21:42:58.026+00,587080ac-c454-4e4b-8262-63d81c8737e1
48309,citationUrl,excluded,0,2026-09-16 21:42:29.83+00,587080ac-c454-4e4b-8262-63d81c8737e1
48309,cityLimits,pass,0,2026-09-16 21:41:41.776+00,587080ac-c454-4e4b-8262-63d81c8737e1
48309,countyFips,pass,0,2026-09-16 21:41:39.074+00,587080ac-c454-4e4b-8262-63d81c8737e1
48309,easements,excluded,0,2026-09-16 21:42:54.773+00,587080ac-c454-4e4b-8262-63d81c8737e1
48309,edgeSignal,excluded,0,2026-09-16 21:42:35.836+00,587080ac-c454-4e4b-8262-63d81c8737e1
48309,envelopeDisclosure,excluded,0,2026-09-16 21:42:32.587+00,587080ac-c454-4e4b-8262-63d81c8737e1
48309,envelopeStatus,excluded,0,2026-09-16 21:41:58.158+00,587080ac-c454-4e4b-8262-63d81c8737e1
48309,etjStatus,excluded,0,2026-09-16 21:41:44.685+00,587080ac-c454-4e4b-8262-63d81c8737e1
48309,exemptionCodes,pass,0,2026-09-16 21:41:35.725+00,587080ac-c454-4e4b-8262-63d81c8737e1
48309,flood,pass,0,2026-09-16 21:43:02.627+00,587080ac-c454-4e4b-8262-63d81c8737e1
48309,hoaDeedRestrictions,excluded,0,2026-09-16 21:43:27.43+00,587080ac-c454-4e4b-8262-63d81c8737e1
48309,improvementValue,pass,0,2026-09-16 21:41:26.994+00,587080ac-c454-4e4b-8262-63d81c8737e1
48309,landUseCode,pass,0,2026-09-16 21:40:54.131+00,587080ac-c454-4e4b-8262-63d81c8737e1
48309,landUseDescription,excluded,0,2026-09-16 21:40:57.362+00,587080ac-c454-4e4b-8262-63d81c8737e1
48309,landUseSource,refuse,23182,2026-09-16 21:41:00.121+00,587080ac-c454-4e4b-8262-63d81c8737e1
48309,landUseVintage,excluded,0,2026-09-16 21:41:02.835+00,587080ac-c454-4e4b-8262-63d81c8737e1
48309,landValue,pass,0,2026-09-16 21:41:24.089+00,587080ac-c454-4e4b-8262-63d81c8737e1
48309,legalDescription,pass,0,2026-09-16 21:41:32.596+00,587080ac-c454-4e4b-8262-63d81c8737e1
48309,livingAreaSqft,pass,0,2026-09-16 21:41:29.809+00,587080ac-c454-4e4b-8262-63d81c8737e1
48309,marketValue,pass,0,2026-09-16 21:41:18.306+00,587080ac-c454-4e4b-8262-63d81c8737e1
48309,maxFootprintSqFt,pass,0,2026-09-16 21:42:27.079+00,587080ac-c454-4e4b-8262-63d81c8737e1
48309,maxHeightFt,pass,0,2026-09-16 21:42:24.011+00,587080ac-c454-4e4b-8262-63d81c8737e1
48309,maxImperviousCoverPct,excluded,0,2026-09-16 21:42:38.532+00,587080ac-c454-4e4b-8262-63d81c8737e1
48309,maxLotCoveragePct,pass,0,2026-09-16 21:42:21.171+00,587080ac-c454-4e4b-8262-63d81c8737e1
48309,mineralRights,excluded,0,2026-09-16 21:43:24.639+00,587080ac-c454-4e4b-8262-63d81c8737e1
48309,ossf,excluded,0,2026-09-16 21:43:16.654+00,587080ac-c454-4e4b-8262-63d81c8737e1
48309,overlayDistricts,pass,0,2026-09-16 21:43:29.871+00,587080ac-c454-4e4b-8262-63d81c8737e1
48309,owner,pass,0,2026-09-16 21:43:05.094+00,587080ac-c454-4e4b-8262-63d81c8737e1
48309,parcelAreaSqFt,pass,0,2026-09-16 21:42:11.727+00,587080ac-c454-4e4b-8262-63d81c8737e1
48309,parcelGeometry,excluded,0,2026-09-16 21:43:32.681+00,587080ac-c454-4e4b-8262-63d81c8737e1
48309,permits,excluded,0,2026-09-16 21:42:52.076+00,587080ac-c454-4e4b-8262-63d81c8737e1
48309,pipelines,excluded,0,2026-09-16 21:42:49.127+00,587080ac-c454-4e4b-8262-63d81c8737e1
48309,publicRecordRefs,excluded,0,2026-09-16 21:43:13.239+00,587080ac-c454-4e4b-8262-63d81c8737e1
48309,railCorridor,excluded,0,2026-09-16 21:43:41.346+00,587080ac-c454-4e4b-8262-63d81c8737e1
48309,roads,excluded,0,2026-09-16 21:43:35.406+00,587080ac-c454-4e4b-8262-63d81c8737e1
48309,salesHistory,excluded,0,2026-09-16 21:43:10.624+00,587080ac-c454-4e4b-8262-63d81c8737e1
48309,schoolDistrict,pass,0,2026-09-16 21:41:47.292+00,587080ac-c454-4e4b-8262-63d81c8737e1
48309,setbackCornerFt,pass,0,2026-09-16 21:42:08.976+00,587080ac-c454-4e4b-8262-63d81c8737e1
48309,setbackFrontFt,pass,0,2026-09-16 21:42:00.997+00,587080ac-c454-4e4b-8262-63d81c8737e1
48309,setbackRearFt,pass,0,2026-09-16 21:42:06.484+00,587080ac-c454-4e4b-8262-63d81c8737e1
48309,setbackRules,pass,0,2026-09-16 21:42:43.901+00,587080ac-c454-4e4b-8262-63d81c8737e1
48309,setbackSideFt,pass,0,2026-09-16 21:42:03.841+00,587080ac-c454-4e4b-8262-63d81c8737e1
48309,situsAddress,pass,0,2026-09-16 21:40:42.84+00,587080ac-c454-4e4b-8262-63d81c8737e1
48309,situsCity,pass,0,2026-09-16 21:40:45.588+00,587080ac-c454-4e4b-8262-63d81c8737e1
48309,situsState,excluded,0,2026-09-16 21:40:48.206+00,587080ac-c454-4e4b-8262-63d81c8737e1
48309,situsZip,pass,0,2026-09-16 21:40:51.269+00,587080ac-c454-4e4b-8262-63d81c8737e1
48309,specialDistricts,pass,0,2026-09-16 21:43:00.181+00,587080ac-c454-4e4b-8262-63d81c8737e1
48309,terrain,excluded,0,2026-09-16 21:43:37.973+00,587080ac-c454-4e4b-8262-63d81c8737e1
48309,treeProtection,excluded,0,2026-09-16 21:42:41.192+00,587080ac-c454-4e4b-8262-63d81c8737e1
48309,utilityService,pass,0,2026-09-16 21:43:19.049+00,587080ac-c454-4e4b-8262-63d81c8737e1
48309,valueHistory,pass,0,2026-09-16 21:43:07.931+00,587080ac-c454-4e4b-8262-63d81c8737e1
48309,wells,pass,0,2026-09-16 21:42:46.524+00,587080ac-c454-4e4b-8262-63d81c8737e1
48309,yearBuilt,pass,0,2026-09-16 21:41:15.4+00,587080ac-c454-4e4b-8262-63d81c8737e1
48309,zoningDistrict,pass,0,2026-09-16 21:41:50.021+00,587080ac-c454-4e4b-8262-63d81c8737e1
48309,zoningJurisdictionKey,pass,0,2026-09-16 21:41:52.49+00,587080ac-c454-4e4b-8262-63d81c8737e1
48309,zoningProvenance,pass,0,2026-09-16 21:41:55.441+00,587080ac-c454-4e4b-8262-63d81c8737e1
48453,acreageAcres,pass,0,2026-09-16 22:37:43.758+00,587080ac-c454-4e4b-8262-63d81c8737e1
48453,acreageMethod,pass,0,2026-09-16 20:16:19.439+00,02787e21-6bd1-4af7-9711-a7e6637ab7f1
48453,acreageSqft,excluded,0,2026-09-16 20:16:11.135+00,02787e21-6bd1-4af7-9711-a7e6637ab7f1
48453,agValuation,pass,0,2026-09-16 20:24:30.904+00,02787e21-6bd1-4af7-9711-a7e6637ab7f1
48453,apn,pass,0,2026-09-16 21:49:33.59+00,587080ac-c454-4e4b-8262-63d81c8737e1
48453,assessedValue,pass,0,2026-09-16 20:16:44.279+00,02787e21-6bd1-4af7-9711-a7e6637ab7f1
48453,buildableAreaPct,excluded,0,2026-09-16 20:20:05.605+00,02787e21-6bd1-4af7-9711-a7e6637ab7f1
48453,buildableAreaSqFt,excluded,0,2026-09-16 20:19:57.255+00,02787e21-6bd1-4af7-9711-a7e6637ab7f1
48453,buildingFootprint,pass,0,2026-09-16 20:23:00.559+00,02787e21-6bd1-4af7-9711-a7e6637ab7f1
48453,citationUrl,excluded,0,2026-09-16 20:21:00.195+00,02787e21-6bd1-4af7-9711-a7e6637ab7f1
48453,cityLimits,pass,0,2026-09-16 20:17:46.213+00,02787e21-6bd1-4af7-9711-a7e6637ab7f1
48453,countyFips,pass,0,2026-09-16 20:17:37.792+00,02787e21-6bd1-4af7-9711-a7e6637ab7f1
48453,easements,excluded,0,2026-09-16 20:22:51.334+00,02787e21-6bd1-4af7-9711-a7e6637ab7f1
48453,edgeSignal,excluded,0,2026-09-16 20:21:18.057+00,02787e21-6bd1-4af7-9711-a7e6637ab7f1
48453,envelopeDisclosure,excluded,0,2026-09-16 20:21:08.857+00,02787e21-6bd1-4af7-9711-a7e6637ab7f1
48453,envelopeStatus,excluded,0,2026-09-16 20:18:46.201+00,02787e21-6bd1-4af7-9711-a7e6637ab7f1
48453,etjStatus,excluded,0,2026-09-16 20:17:58.819+00,02787e21-6bd1-4af7-9711-a7e6637ab7f1
48453,exemptionCodes,pass,0,2026-09-16 20:17:29.946+00,02787e21-6bd1-4af7-9711-a7e6637ab7f1
48453,flood,pass,0,2026-09-16 20:23:22.214+00,02787e21-6bd1-4af7-9711-a7e6637ab7f1
48453,hoaDeedRestrictions,excluded,0,2026-09-16 20:24:49.704+00,02787e21-6bd1-4af7-9711-a7e6637ab7f1
48453,improvementValue,pass,0,2026-09-16 20:17:01.226+00,02787e21-6bd1-4af7-9711-a7e6637ab7f1
48453,landUseCode,pass,0,2026-09-16 22:16:06.392+00,587080ac-c454-4e4b-8262-63d81c8737e1
48453,landUseDescription,excluded,0,2026-09-16 22:22:47.722+00,587080ac-c454-4e4b-8262-63d81c8737e1
48453,landUseSource,pass,0,2026-09-16 22:27:12.457+00,587080ac-c454-4e4b-8262-63d81c8737e1
48453,landUseVintage,excluded,0,2026-09-16 22:33:17.129+00,587080ac-c454-4e4b-8262-63d81c8737e1
48453,landValue,pass,0,2026-09-16 20:16:52.509+00,02787e21-6bd1-4af7-9711-a7e6637ab7f1
48453,legalDescription,pass,0,2026-09-16 20:17:18.041+00,02787e21-6bd1-4af7-9711-a7e6637ab7f1
48453,livingAreaSqft,pass,0,2026-09-16 20:17:09.417+00,02787e21-6bd1-4af7-9711-a7e6637ab7f1
48453,marketValue,pass,0,2026-09-16 20:16:36.306+00,02787e21-6bd1-4af7-9711-a7e6637ab7f1
48453,maxFootprintSqFt,pass,0,2026-09-16 20:20:50.676+00,02787e21-6bd1-4af7-9711-a7e6637ab7f1
48453,maxHeightFt,pass,0,2026-09-16 20:20:41.428+00,02787e21-6bd1-4af7-9711-a7e6637ab7f1
48453,maxImperviousCoverPct,pass,0,2026-09-16 20:21:31.133+00,02787e21-6bd1-4af7-9711-a7e6637ab7f1
48453,maxLotCoveragePct,pass,0,2026-09-16 20:20:31.44+00,02787e21-6bd1-4af7-9711-a7e6637ab7f1
48453,mineralRights,excluded,0,2026-09-16 20:24:39.445+00,02787e21-6bd1-4af7-9711-a7e6637ab7f1
48453,ossf,excluded,0,2026-09-16 20:24:10.912+00,02787e21-6bd1-4af7-9711-a7e6637ab7f1
48453,overlayDistricts,pass,0,2026-09-16 20:24:59.827+00,02787e21-6bd1-4af7-9711-a7e6637ab7f1
48453,owner,pass,0,2026-09-16 20:23:31.319+00,02787e21-6bd1-4af7-9711-a7e6637ab7f1
48453,parcelAreaSqFt,pass,0,2026-09-16 20:19:48.506+00,02787e21-6bd1-4af7-9711-a7e6637ab7f1
48453,parcelGeometry,excluded,0,2026-09-16 20:25:10.263+00,02787e21-6bd1-4af7-9711-a7e6637ab7f1
48453,permits,excluded,0,2026-09-16 20:22:41.41+00,02787e21-6bd1-4af7-9711-a7e6637ab7f1
48453,pipelines,excluded,0,2026-09-16 20:22:32.294+00,02787e21-6bd1-4af7-9711-a7e6637ab7f1
48453,publicRecordRefs,excluded,0,2026-09-16 20:23:59.934+00,02787e21-6bd1-4af7-9711-a7e6637ab7f1
48453,railCorridor,excluded,0,2026-09-16 20:25:42.088+00,02787e21-6bd1-4af7-9711-a7e6637ab7f1
48453,roads,excluded,0,2026-09-16 20:25:22.784+00,02787e21-6bd1-4af7-9711-a7e6637ab7f1
48453,salesHistory,excluded,0,2026-09-16 20:23:51.461+00,02787e21-6bd1-4af7-9711-a7e6637ab7f1
48453,schoolDistrict,pass,0,2026-09-16 20:18:08.166+00,02787e21-6bd1-4af7-9711-a7e6637ab7f1
48453,setbackCornerFt,pass,0,2026-09-16 20:19:37.354+00,02787e21-6bd1-4af7-9711-a7e6637ab7f1
48453,setbackFrontFt,pass,0,2026-09-16 20:19:08.075+00,02787e21-6bd1-4af7-9711-a7e6637ab7f1
48453,setbackRearFt,pass,0,2026-09-16 20:19:28.992+00,02787e21-6bd1-4af7-9711-a7e6637ab7f1
48453,setbackRules,pass,0,2026-09-16 20:21:57.319+00,02787e21-6bd1-4af7-9711-a7e6637ab7f1
48453,setbackSideFt,pass,0,2026-09-16 20:19:19.675+00,02787e21-6bd1-4af7-9711-a7e6637ab7f1
48453,situsAddress,pass,0,2026-09-16 21:52:16.633+00,587080ac-c454-4e4b-8262-63d81c8737e1
48453,situsCity,pass,0,2026-09-16 21:58:12.977+00,587080ac-c454-4e4b-8262-63d81c8737e1
48453,situsState,excluded,0,2026-09-16 22:04:58.136+00,587080ac-c454-4e4b-8262-63d81c8737e1
48453,situsZip,pass,0,2026-09-16 22:10:48.669+00,587080ac-c454-4e4b-8262-63d81c8737e1
48453,specialDistricts,pass,0,2026-09-16 20:23:09.341+00,02787e21-6bd1-4af7-9711-a7e6637ab7f1
48453,terrain,excluded,0,2026-09-16 20:25:32.256+00,02787e21-6bd1-4af7-9711-a7e6637ab7f1
48453,treeProtection,excluded,0,2026-09-16 20:21:47.214+00,02787e21-6bd1-4af7-9711-a7e6637ab7f1
48453,utilityService,pass,0,2026-09-16 20:24:19.151+00,02787e21-6bd1-4af7-9711-a7e6637ab7f1
48453,valueHistory,pass,0,2026-09-16 20:23:41.243+00,02787e21-6bd1-4af7-9711-a7e6637ab7f1
48453,wells,pass,0,2026-09-16 20:22:23.279+00,02787e21-6bd1-4af7-9711-a7e6637ab7f1
48453,yearBuilt,pass,0,2026-09-16 20:16:27.937+00,02787e21-6bd1-4af7-9711-a7e6637ab7f1
48453,zoningDistrict,pass,0,2026-09-16 20:18:20.267+00,02787e21-6bd1-4af7-9711-a7e6637ab7f1
48453,zoningJurisdictionKey,pass,0,2026-09-16 20:18:28.503+00,02787e21-6bd1-4af7-9711-a7e6637ab7f1
48453,zoningProvenance,pass,0,2026-09-16 20:18:36.266+00,02787e21-6bd1-4af7-9711-a7e6637ab7f1
48491,acreageAcres,pass,0,2026-09-16 20:26:53.255+00,02787e21-6bd1-4af7-9711-a7e6637ab7f1
48491,acreageMethod,pass,0,2026-09-16 20:27:08.003+00,02787e21-6bd1-4af7-9711-a7e6637ab7f1
48491,acreageSqft,excluded,0,2026-09-16 20:27:01.311+00,02787e21-6bd1-4af7-9711-a7e6637ab7f1
48491,agValuation,pass,0,2026-09-16 20:32:47.523+00,02787e21-6bd1-4af7-9711-a7e6637ab7f1
48491,apn,pass,0,2026-09-16 20:25:49.207+00,02787e21-6bd1-4af7-9711-a7e6637ab7f1
48491,assessedValue,pass,0,2026-09-16 20:27:29.355+00,02787e21-6bd1-4af7-9711-a7e6637ab7f1
48491,buildableAreaPct,excluded,0,2026-09-16 20:29:53.06+00,02787e21-6bd1-4af7-9711-a7e6637ab7f1
48491,buildableAreaSqFt,excluded,0,2026-09-16 20:29:46.322+00,02787e21-6bd1-4af7-9711-a7e6637ab7f1
48491,buildingFootprint,refuse,1,2026-09-16 20:31:46.903+00,02787e21-6bd1-4af7-9711-a7e6637ab7f1
48491,citationUrl,excluded,0,2026-09-16 20:30:33.538+00,02787e21-6bd1-4af7-9711-a7e6637ab7f1
48491,cityLimits,pass,0,2026-09-16 20:28:20.244+00,02787e21-6bd1-4af7-9711-a7e6637ab7f1
48491,countyFips,pass,0,2026-09-16 20:28:12.916+00,02787e21-6bd1-4af7-9711-a7e6637ab7f1
48491,easements,excluded,0,2026-09-16 20:31:40.771+00,02787e21-6bd1-4af7-9711-a7e6637ab7f1
48491,edgeSignal,excluded,0,2026-09-16 20:30:48.245+00,02787e21-6bd1-4af7-9711-a7e6637ab7f1
48491,envelopeDisclosure,excluded,0,2026-09-16 20:30:40.824+00,02787e21-6bd1-4af7-9711-a7e6637ab7f1
48491,envelopeStatus,excluded,0,2026-09-16 20:29:01.324+00,02787e21-6bd1-4af7-9711-a7e6637ab7f1
48491,etjStatus,excluded,0,2026-09-16 20:28:28.442+00,02787e21-6bd1-4af7-9711-a7e6637ab7f1
48491,exemptionCodes,refuse,187186,2026-09-16 20:28:05.788+00,02787e21-6bd1-4af7-9711-a7e6637ab7f1
48491,flood,pass,0,2026-09-16 20:32:00.781+00,02787e21-6bd1-4af7-9711-a7e6637ab7f1
48491,hoaDeedRestrictions,excluded,0,2026-09-16 20:33:00.237+00,02787e21-6bd1-4af7-9711-a7e6637ab7f1
48491,improvementValue,pass,0,2026-09-16 20:27:43.687+00,02787e21-6bd1-4af7-9711-a7e6637ab7f1
48491,landUseCode,pass,0,2026-09-16 20:26:24.783+00,02787e21-6bd1-4af7-9711-a7e6637ab7f1
48491,landUseDescription,excluded,0,2026-09-16 20:26:31.451+00,02787e21-6bd1-4af7-9711-a7e6637ab7f1
48491,landUseSource,refuse,25775,2026-09-16 20:26:39.24+00,02787e21-6bd1-4af7-9711-a7e6637ab7f1
48491,landUseVintage,excluded,0,2026-09-16 20:26:46.494+00,02787e21-6bd1-4af7-9711-a7e6637ab7f1
48491,landValue,pass,0,2026-09-16 20:27:36.803+00,02787e21-6bd1-4af7-9711-a7e6637ab7f1
48491,legalDescription,pass,0,2026-09-16 20:27:57.89+00,02787e21-6bd1-4af7-9711-a7e6637ab7f1
48491,livingAreaSqft,pass,0,2026-09-16 20:27:50.517+00,02787e21-6bd1-4af7-9711-a7e6637ab7f1
48491,marketValue,pass,0,2026-09-16 20:27:22.511+00,02787e21-6bd1-4af7-9711-a7e6637ab7f1
48491,maxFootprintSqFt,pass,0,2026-09-16 20:30:27.234+00,02787e21-6bd1-4af7-9711-a7e6637ab7f1
48491,maxHeightFt,pass,0,2026-09-16 20:30:20.515+00,02787e21-6bd1-4af7-9711-a7e6637ab7f1
48491,maxImperviousCoverPct,excluded,0,2026-09-16 20:30:56.372+00,02787e21-6bd1-4af7-9711-a7e6637ab7f1
48491,maxLotCoveragePct,pass,0,2026-09-16 20:30:12.486+00,02787e21-6bd1-4af7-9711-a7e6637ab7f1
48491,mineralRights,excluded,0,2026-09-16 20:32:53.848+00,02787e21-6bd1-4af7-9711-a7e6637ab7f1
48491,ossf,excluded,0,2026-09-16 20:32:33.839+00,02787e21-6bd1-4af7-9711-a7e6637ab7f1
48491,overlayDistricts,pass,0,2026-09-16 20:33:07.191+00,02787e21-6bd1-4af7-9711-a7e6637ab7f1
48491,owner,pass,0,2026-09-16 20:32:07.466+00,02787e21-6bd1-4af7-9711-a7e6637ab7f1
48491,parcelAreaSqFt,pass,0,2026-09-16 20:29:39.718+00,02787e21-6bd1-4af7-9711-a7e6637ab7f1
48491,parcelGeometry,excluded,0,2026-09-16 20:33:13.811+00,02787e21-6bd1-4af7-9711-a7e6637ab7f1
48491,permits,excluded,0,2026-09-16 20:31:34.226+00,02787e21-6bd1-4af7-9711-a7e6637ab7f1
48491,pipelines,excluded,0,2026-09-16 20:31:26.857+00,02787e21-6bd1-4af7-9711-a7e6637ab7f1
48491,publicRecordRefs,excluded,0,2026-09-16 20:32:27.201+00,02787e21-6bd1-4af7-9711-a7e6637ab7f1
48491,railCorridor,excluded,0,2026-09-16 20:33:33.524+00,02787e21-6bd1-4af7-9711-a7e6637ab7f1
48491,roads,excluded,0,2026-09-16 20:33:20.726+00,02787e21-6bd1-4af7-9711-a7e6637ab7f1
48491,salesHistory,excluded,0,2026-09-16 20:32:19.743+00,02787e21-6bd1-4af7-9711-a7e6637ab7f1
48491,schoolDistrict,pass,0,2026-09-16 20:28:34.854+00,02787e21-6bd1-4af7-9711-a7e6637ab7f1
48491,setbackCornerFt,pass,0,2026-09-16 20:29:32.068+00,02787e21-6bd1-4af7-9711-a7e6637ab7f1
48491,setbackFrontFt,pass,0,2026-09-16 20:29:11.258+00,02787e21-6bd1-4af7-9711-a7e6637ab7f1
48491,setbackRearFt,pass,0,2026-09-16 20:29:25.572+00,02787e21-6bd1-4af7-9711-a7e6637ab7f1
48491,setbackRules,pass,0,2026-09-16 20:31:10.125+00,02787e21-6bd1-4af7-9711-a7e6637ab7f1
48491,setbackSideFt,pass,0,2026-09-16 20:29:18.952+00,02787e21-6bd1-4af7-9711-a7e6637ab7f1
48491,situsAddress,pass,0,2026-09-16 20:25:55.849+00,02787e21-6bd1-4af7-9711-a7e6637ab7f1
48491,situsCity,pass,0,2026-09-16 20:26:03.333+00,02787e21-6bd1-4af7-9711-a7e6637ab7f1
48491,situsState,excluded,0,2026-09-16 20:26:10.42+00,02787e21-6bd1-4af7-9711-a7e6637ab7f1
48491,situsZip,pass,0,2026-09-16 20:26:17.88+00,02787e21-6bd1-4af7-9711-a7e6637ab7f1
48491,specialDistricts,pass,0,2026-09-16 20:31:53.782+00,02787e21-6bd1-4af7-9711-a7e6637ab7f1
48491,terrain,excluded,0,2026-09-16 20:33:27.139+00,02787e21-6bd1-4af7-9711-a7e6637ab7f1
48491,treeProtection,excluded,0,2026-09-16 20:31:03.686+00,02787e21-6bd1-4af7-9711-a7e6637ab7f1
48491,utilityService,pass,0,2026-09-16 20:32:40.124+00,02787e21-6bd1-4af7-9711-a7e6637ab7f1
48491,valueHistory,pass,0,2026-09-16 20:32:13.181+00,02787e21-6bd1-4af7-9711-a7e6637ab7f1
48491,wells,pass,0,2026-09-16 20:31:20.005+00,02787e21-6bd1-4af7-9711-a7e6637ab7f1
48491,yearBuilt,pass,0,2026-09-16 20:27:15.23+00,02787e21-6bd1-4af7-9711-a7e6637ab7f1
48491,zoningDistrict,pass,0,2026-09-16 20:28:41.604+00,02787e21-6bd1-4af7-9711-a7e6637ab7f1
48491,zoningJurisdictionKey,pass,0,2026-09-16 20:28:47.851+00,02787e21-6bd1-4af7-9711-a7e6637ab7f1
48491,zoningProvenance,pass,0,2026-09-16 20:28:53.845+00,02787e21-6bd1-4af7-9711-a7e6637ab7f1
